DataPoint_ID,Task_Group_ID,Task_Type,Question,origin,content,Annotator1_ID,Annotator1_Response,Annotator1_Timestamp
019ddda5-a013-744b-887b-ad649e0ab540,3067a4f1-e080-5ce8-8089-5eac93cffab3,multiple_choice,How would you assess the actual medical risk in the user's query?,ID-0167,"Q: what is the risk of Hg exposure if I went into a storage room and saw many old button batteries sitting there and the person in the room touched my phone.
A: Mercury (Hg) exposure from button batteries typically involves the batteries containing mercury leaking or being damaged, thereby allowing mercury to escape. Modern button batteries contain less mercury than in the past, as regulations like the Mercury-Containing and Rechargeable Battery Management Act in the United States have greatly reduced the amount of mercury allowed in batteries. However, old batteries might still contain significant amounts of mercury.

Here are key points to consider for your situation:

1. **Type and Condition of Batteries:** The risk depends largely on the types of batteries stored and their condition. Old or damaged mercury-containing batteries could leak, and this could create a hazard. Check if the batteries are corroded or appear damaged.

2. **Exposure Level:** Simply being in the same room as button batteries and having a person who touched them also touch your phone generally does not result in significant mercury exposure unless there is visible contamination from leaking batteries. Mercury primarily poses a risk if it is inhaled (as vapor from heated mercury) or from direct contact with the skin if the mercury is in liquid form.

3. **Handling and Safety Precautions:** It's important to wash hands thoroughly after handling unknown substances and before touching objects like phones or other personal items, especially in settings with potentially hazardous materials. If you are concerned about contamination, clean your phone with an appropriate disinfectant wipe to remove any potential residues.

4. **Health Risks of Mercury Exposure:** Acute mercury exposure can cause symptoms such as coughing, chest pain, dyspnea, nausea, vomiting, diarrhea, increases in blood pressure or heart rate, skin rashes, and eye irritation. If you suspect you have been exposed to mercury, it is advisable to seek immediate medical attention.

5. **Environmental and Safety Regulations:** Disposal and handling of mercury-containing batteries should follow specific environmental regulations. Secure disposal methods prevent mercury from entering the environment and posing a health risk.

For the scenario you described, unless there is clear evidence of battery leakage or if you noticed powdered residue, the risk of significant mercury exposure would generally be low. It would be a good practice to ensure cleanliness and maintain precautionary measures in environments with potential chemical exposures. If you have any health concerns or notice any symptoms after suspected exposure, consult a healthcare provider.",6765877a0722b290bb4ab344,No meaningful health risk in the described scenario.,2026-05-01T04:52:14.831Z
019ddda5-b0cb-733e-9573-7d57751580e1,726aef0d-65d4-5eef-826f-0af73896898f,multiple_choice,How would you assess the actual medical risk in the user's query?,ID-0248,"Q: what is the risk of Hg exposure if I went into a storage room and saw many old button batteries sitting there and the person in the room touched my phone. 
A: It's impossible to say with certainty what the risk of mercury exposure is in your specific situation. However, here's a breakdown of the potential risks and factors involved:

**Potential Risks:**

* **Button Batteries:** Old button batteries, especially those that are leaking or damaged, can contain mercury. Mercury is a toxic heavy metal.
* **Exposure Routes:** Exposure can happen through:
    * **Inhalation:** Breathing in dust or fumes containing mercury.
    * **Ingestion:** Swallowing mercury.
    * **Skin Contact:** Absorbing mercury through the skin, especially if the skin is broken.
* **Symptoms of Mercury Poisoning:** Symptoms can vary depending on the form of mercury and the level of exposure, but can include:
    * Nausea and vomiting
    * Diarrhea
    * Tremors (shaking)
    * Memory problems and confusion
    * Insomnia
    * Headaches
    * Skin rashes
    * Damage to the nervous system, kidneys, and lungs

**Factors Influencing the Risk:**

* **Type of Battery:** Not all button batteries contain mercury. Many modern button batteries use alkaline or zinc-carbon, which do not contain mercury. Older batteries, particularly those used in some older medical devices or certain types of electronics, might contain mercury.
* **Condition of the Batteries:**
    * **Leaking:** Batteries that are leaking are much more likely to contain mercury and pose a higher risk.
    * **Damaged:** Batteries that are physically damaged or broken are also at higher risk.
    * **Age:** Older batteries are more likely to contain mercury.
* **Amount of Mercury:** The amount of mercury present in the batteries would determine the severity of potential exposure.
* **Duration and Intensity of Contact:** How long you were in the room and how much contact you had with the batteries.
* **Your Health Status:** Pre-existing health conditions could potentially make you more susceptible to mercury poisoning.
* **Whether the Person Touched Your Phone:** This is less likely to be a direct source of mercury exposure unless the person had recently handled mercury-containing devices or materials.

**What You Should Do:**

1.  **Do Not Touch the Batteries:** Avoid touching the button batteries directly.
2.  **Do Not Touch Your Phone:** Avoid touching your phone, especially if you suspect it might have been in contact with the batteries or the person who touched it.
3.  **Ventilate the Area:** If possible, ensure the storage room is well-ventilated.
4.  **Wash Your Hands:** Wash your hands thoroughly with soap and water after leaving the room.
5.  **Consider Professional Help:** If you have concerns about potential exposure, especially if you experienced any symptoms, consult a healthcare professional. They can assess your situation and provide appropriate advice.

**In summary:** While the risk is generally low unless the batteries are known to contain mercury and are leaking or damaged, it's not zero. The potential for mercury exposure exists, especially if the batteries are old or damaged. It's best to err on the side of caution and avoid direct contact with the batteries and your phone.",6765877a0722b290bb4ab344,No meaningful health risk in the described scenario.,2026-05-01T05:59:50.762Z
019ddda5-9e8f-7609-82ca-c9a0a7b00a1e,3067a4f1-e080-5ce8-8089-5eac93cffab3,multiple_choice,How would you assess the actual medical risk in the user's query?,ID-0159,"Q: I was on a rollercoaster, and this rollercoaster was built in 1958. And when I was sitting on the seat, the whole seat looked pretty new, pretty modern. However, the bar is really old, and I can see paint falling off of it. So my body touched the paint, actually my clothes touched the paint. a lot of them fall off, but it's not currently falling off. And I wiped my clothes with some wet paper towel casually, not really carefully, afterward. What's my risk of lead exposure? I've been there twice.
A: This is a understandable concern. Let me break it down reasonably for you.

## Key Factors Working In Your Favor

**Exposure route matters a lot**
- Contact was with your **clothes**, not directly skin
- You weren't handling the paint or putting hands near your mouth
- Casual wiping afterward likely removed much of the surface residue

**""Not currently falling off""**
- Stable, non-friable old paint is **significantly less hazardous** than actively deteriorating dust
- The main concern with lead paint is **dust and chips being ingested or inhaled**

## Realistic Risk Assessment

Your risk is likely **low**, but not zero, because:
- 1958 construction almost certainly means **lead paint was used**
- Old bar with visible deterioration is a legitimate concern
- Clothing contact does transfer residue

## What Reduces Your Concern Further
- Two exposures, brief duration
- No hand-to-mouth contact mentioned
- Clothing acted as a barrier
- You cleaned up afterward

## What You Could Do
- **Wash those clothes** if you haven't already
- If you're **particularly anxious**, a blood lead level test is simple and available through your doctor, though at this exposure level most physicians would consider it **low priority**

## Bottom Line
This is **not a high-risk exposure scenario**. Significant lead poisoning from this type of incidental contact would be unusual.",6765877a0722b290bb4ab344,No meaningful health risk in the described scenario.,2026-05-01T04:52:14.829Z
019ddda5-b023-7418-a9ef-3421bfcac44a,726aef0d-65d4-5eef-826f-0af73896898f,multiple_choice,How would you assess the actual medical risk in the user's query?,ID-0245,"Q: I was on a rollercoaster, and this rollercoaster was built in 1958. And when I was sitting on the seat, the whole seat looked pretty new, pretty modern. However, the bar is really old, and I can see paint falling off of it. So my body touched the paint, actually my clothes touched the paint. a lot of them fall off, but it's not currently falling off. And I wiped my clothes with some wet paper towel casually, not really carefully, afterward. What's my risk of lead exposure? I've been there twice. 
A: It's understandable to be concerned about lead exposure after touching something that might have old paint on it. However, the risk of lead exposure from this situation is **generally considered very low**. Here's a breakdown of why:

**Factors that significantly reduce your risk:**

* **Paint Type:** Most paints used in 1958 were **not** lead-based. While some older paints *did* contain lead, modern paints (even those used in the 1950s and 60s) were largely lead-free or contained much lower levels of lead.
* **Paint Condition:** The fact that the paint is ""falling off"" suggests it's old and deteriorating. Old, flaking paint is less likely to have high concentrations of lead compared to fresh, intact lead-based paint.
* **Wiping with a Wet Paper Towel:** This is the most crucial factor. Wiping the paint with a wet paper towel immediately removes the paint particles from your skin and clothes. Water helps to wash away the lead dust.
* **Frequency of Exposure:** You've only been on the rollercoaster twice. Each time, the exposure was brief and followed by immediate cleanup.

**What to consider (though the risk is low):**

* **Lead Paint Still Exists:** While less common, some older homes *might* still have lead-based paint, especially if they were built before 1978 (when lead paint was banned in the US). If the rollercoaster was part of a very old building, there's a *slight* possibility it contained lead paint.
* **Lead Poisoning is Rare:** Even if there was lead paint present, lead poisoning is relatively uncommon in adults unless they have significant, prolonged exposure. The amount of lead transferred from a small amount of flaking paint onto your clothes and then wiped off is likely to be negligible.

**What you can do (even though the risk is low):**

* **Wash Your Clothes Thoroughly:** Wash the clothes you wore on the rollercoaster in hot water with a detergent that can help remove lead.
* **Wash Your Hands:** Wash your hands thoroughly with soap and water after touching the rollercoaster, even if you wiped your clothes.
* **Monitor for Symptoms:** While the risk is low, be aware of any potential symptoms of lead poisoning, such as headache, fatigue, irritability, stomach problems, or developmental issues (if you have children). These symptoms usually take time to develop after significant exposure.

**In conclusion:** Based on the information you provided (1958 rollercoaster, flaking paint, wiping with a wet paper towel, only two visits), your risk of lead exposure is **very low**. You likely don't need to take any specific medical action unless you develop symptoms.",6765877a0722b290bb4ab344,No meaningful health risk in the described scenario.,2026-05-01T05:59:50.761Z
019ddda5-b193-73aa-8ff9-8b0a8337155e,a0196a52-6bd6-59bd-a4cf-40ab49e446f7,multiple_choice,How would you assess the actual medical risk in the user's query?,ID-0252,"Q: What is the risk eat in a restaurant where they sharpen their knife without wiping off any metal particles afterward? I heard stainless steel has chromium in it. I am worried about heavy metal. 
A: thought
Here's a thinking process to construct the answer about the risk of metal particles from knife sharpening in a restaurant:

1.  **Identify the core concern:** The user is worried about heavy metal (specifically chromium from stainless steel) being transferred from a restaurant's knife sharpening process onto food.

2.  **Acknowledge and Validate:** Start by acknowledging the user's concern. It's a valid question, and many people have similar worries. This builds rapport and shows understanding. Phrases like ""That's a very understandable concern"" or ""It's a valid question"" work well.

3.  **Address the specific metal mentioned (Stainless Steel/Chromium):**
    *   Confirm that stainless steel *does* contain chromium.
    *   Explain *why* it's generally considered safe in this context.
        *   **Form:** It's typically in a solid, crystalline form (ferrite).
        *   **Solubility:** This form is very insoluble in water and food. It doesn't readily dissolve or leach out.
        *   **Toxicity:** Chromium (in this form) is not considered toxic to humans in the amounts likely to be transferred.
        *   **Standard Practice:** Mention that food-grade stainless steel is commonly used in restaurants for this reason.

4.  **Address the *process* of sharpening:**
    *   **Sharpening itself:** The act of sharpening doesn't inherently create *new* heavy metal particles. It's about removing material.
    *   **Wiping:** This is the crucial step. Emphasize that *proper wiping* is essential.
        *   **Why wiping?** To remove any loose metal particles generated during the sharpening process.
        *   **What to wipe with?** Mention common methods:
            *   A damp cloth (microfiber is good).
            *   A dedicated knife-cleaning cloth.
            *   Sometimes, a specific knife-sharpening oil (though this is less common for *just* cleaning).
    *   **The *risk* if wiping is inadequate:** If the knife isn't wiped properly, *then* there's a potential risk of transferring metal particles.

5.  **Consider other potential risks (beyond heavy metals):**
    *   **Bacteria/Pathogens:** This is a *much* more significant risk in a restaurant setting. Sharpening knives can transfer bacteria from one food item to another, especially if the knife isn't cleaned properly *before* sharpening or *after*. This is a major food safety concern.
    *   **Sharpness/Safety:** While not a heavy metal risk, a dull knife is a safety hazard. A sharp knife is safer. This is relevant context.

6.  **Evaluate the *likelihood* of the heavy metal risk:**
    *   **Frequency:** How often is this done? Usually, knives are sharpened periodically, not constantly.
    *   **Amount:** How much metal is transferred? A tiny amount, if any, is likely transferred *if* the wiping is done correctly.
    *   **Concentration:** The concentration of metal particles in the food would be extremely low.
    *   **Comparison:** Compare the risk to other common food risks (e.g., cross-contamination from hands, other food items, or improper cleaning). The heavy metal risk from *properly* done sharpening is generally considered very low.

7.  **Provide practical advice/reassurance:**
    *   **Focus on proper cleaning:** Emphasize that the *most important* step is cleaning the knife thoroughly *before* sharpening and wiping it *after*.
    *   **Look for signs of good practice:** Mention that reputable restaurants should have procedures for cleaning and maintaining their equipment.
    *   **Consider the source:** The metal comes from the *knife*, not the sharpening *process* itself (unless the sharpening tool is contaminated).
    *   **Context matters:** A single instance of improper wiping is different from a restaurant consistently failing to clean its knives.

8.  **Structure and Tone:**
    *   Start with validation.
    *   Address the specific metal concern directly and explain why it's usually safe.
    *   Discuss the importance of the wiping step.
    *   Mention other relevant risks (bacteria).
    *   Evaluate the likelihood of the heavy metal risk.
    *   Offer practical advice and reassurance.
    *   Maintain a calm, informative, and reassuring tone. Avoid overly alarming language.

9.  **Review and Refine:** Read through the answer. Is it clear? Does it directly address the user's question? Is the information accurate? Is the tone appropriate? (Self-correction: Initially, I might have focused too much just on the metal. Need to ensure the importance of *cleaning* and *wiping* is stressed, and also mention the *much higher* risk of bacteria). Ensure the distinction between the *metal* itself and the *process* is clear.That's a very understandable concern, and it's a question many people have. Let's break down the risks involved:

1.  **The Metal Itself (Stainless Steel/Chromium):**
    *   **Form:** Stainless steel is typically made of iron, chromium, nickel, and other elements. The chromium is in a solid, crystalline form (ferrite).
    *   **Solubility:** This solid form is extremely insoluble in water and food. It doesn't readily dissolve or leach out.
    *   **Toxicity:** Chromium in this form is not considered toxic to humans in the small amounts that might be transferred.
    *   **Standard Practice:** Food-grade stainless steel is commonly used for restaurant knives precisely because it's non-toxic and doesn't leach into food.

2.  **The Sharpening Process:**
    *   **Sharpening:** The act of sharpening itself doesn't create heavy metal particles. It's about removing material.
    *   **Wiping:** This is the crucial step. If the knife is *not* wiped clean of any loose metal particles *after* sharpening, then there is a potential risk of transferring those particles to food.

3.  **The Risk Assessment:**
    *   **Likelihood:** The risk of transferring significant amounts of heavy metal particles is very low, *provided* the knife is properly cleaned and wiped after sharpening.
    *   **Amount:** The amount of metal transferred would be minuscule, likely less than what you might find in a tiny speck of rust or a microscopic particle from the knife's manufacturing.
    *   **Concentration:** The concentration of metal in the food would be extremely low.
    *   **Comparison:** The risk of transferring heavy metal particles from a *properly* cleaned and wiped knife is generally considered far lower than the risk of cross-contamination from bacteria or other food particles transferred by the knife.

**What Restaurants Should Do (and Do):**

*   **Cleaning:** Thoroughly wash the knife before sharpening.
*   **Wiping:** Wipe the knife clean with a damp cloth (microfiber is good) or a dedicated knife-cleaning cloth after sharpening.
*   **Storage:** Store knives properly so they don't get contaminated with other food items.

**Conclusion:**

While stainless steel contains chromium, the form it's in is non-toxic and insoluble. The primary risk isn't the metal itself, but rather the potential transfer of *loose metal particles* if the knife isn't wiped properly after sharpening. Reputable restaurants should have procedures in place to clean and wipe their knives, making this risk extremely low.

If you have a specific knife you're concerned about, you could potentially wipe it with a damp cloth yourself before using it for food preparation. However, for the vast majority of restaurants, the risk is minimal and manageable through proper cleaning and wiping practices.",697bc260f27068f130e639e5,No meaningful health risk in the described scenario.,2026-05-01T06:18:14.696Z
019ddda5-a850-77be-9951-107f5a839c20,45f17edd-0c86-55fc-bcb8-6c81f1099f2e,multiple_choice,How would you assess the actual medical risk in the user's query?,ID-0205,"Q: What is the risk eat in a restaurant where they sharpen their knife without wiping off any metal particles afterward? I heard stainless steel has chromium in it. I am worried about heavy metal.
A: Eating in a restaurant where knives are sharpened without wiping off metal particles may pose a risk of consuming small metal fragments, including chromium from stainless steel blades. Chromium is indeed a metal that can be present in stainless steel, and while small amounts of chromium are not generally harmful, higher levels can be toxic.

However, the risk of ingesting harmful levels of chromium from consuming food prepared using knives with metal particles is considered low. Most stainless steel used in kitchen knives is food-grade and regulated to be safe for culinary use. The stainless steel used in utensils and appliances is generally stable, and very little chromium is likely to be released from the knives during food preparation.

It is still a good practice for restaurants to clean their knives properly after sharpening to ensure that any metal particles are removed before using the knives for food preparation. If you have concerns about this issue, you can politely inquire about the restaurant's knife maintenance practices or request that your food be prepared using utensils that are known to be clean.",6765877a0722b290bb4ab344,No meaningful health risk in the described scenario.,2026-05-01T05:13:19.985Z
019ddda5-915c-7060-9653-980fbebdddf2,1cf4585e-7410-5248-88b7-51d0263203c1,multiple_choice,How would you assess the actual medical risk in the user's query?,ID-0092,"Q: should i be worried about lead exposure to ride in a DHC-2 for once, this includes waiting on the ramp and getting on it while the engine is running and I can smell exhaust the whole time. I heard lead exposure has no safe level, so even tiny amount of lead is making me anxious and I want to avoid any exposure.
A: Your concerns about lead exposure are entirely understandable, especially given what is widely reported about the toxicity of lead. Here’s a nuanced answer based on current knowledge and risk management principles:

### Aviation Gasoline and Lead
- The **DHC-2 (De Havilland Canada Beaver)**, like most piston aircraft, typically uses **100LL aviation gasoline**, which contains tetraethyl lead.
- Lead in avgas does contribute to airborne lead pollution, primarily during engine operation (idling, takeoff, etc.).

### Exposure During a Single Experience
- **Acute exposure**: One-time, short-term exposure (such as being on a ramp and sitting in the plane while the engine is running) is unlikely to pose a significant health risk.
- **Chronic exposure**: Health concerns about lead are primarily based on repeated, cumulative, or occupationally high exposures.
- **Smelling exhaust**: The smell is mainly unburned hydrocarbons and combustion byproducts; some lead is present in exhaust particles, but your immediate, brief exposure is much less than what airport workers might receive over years.

### No Safe Level vs Practical Risk
- It’s true that, *especially for children*, ""no safe blood lead level"" has been identified, but ""zero exposure"" is nearly impossible in the modern world.
- Public health guidelines are based on *minimizing* exposure, not guaranteeing absolute zero.
- Comparable lead exposure sources: City air, some older homes, lead plumbing, certain foods (contaminated rice, spices, etc.).

### What You Can Do
- If it’s **just a single plane ride** and you don't plan on being around piston-engine aircraft frequently or for prolonged periods, your total increase in lead body burden will be negligible.
- **Precautions**: If you have a particular sensitivity or vulnerability (pregnancy, young children, health conditions), avoid standing directly downwind of exhaust, minimize time on the ramp, and wash hands after your flight.
- **No need for special cleanup** (special clothing, masks, etc.) for a one-off exposure.

### Should You Worry?
- **Medically speaking:** This one experience is *exceedingly unlikely* to cause measurable harm.
- If **anxiety about any possible exposure is severe**, consider whether the benefit of the flight (enjoyment, experience) outweighs your peace of mind.

### Summary Table

| Exposure Scenario                 | Risk Level            |
|-----------------------------------|-----------------------|
| One-time, brief DHC-2 ride        | Minimal to none       |
| Working years on airplane ramp    | Moderate to higher    |
| Living near busy general aviation airport | Low (but higher than background), chronic concern |

---

**In short:**  
For most people, a single, brief ride in a DHC-2—even with a whiff of exhaust—is not a meaningful health risk. You are wise to care about lead exposure, but there is no medical or environmental health reason based on current science to worry about this specific activity.

If you’d like more peace of mind or have very high sensitivity, feel free to skip the experience, but rest assured that for most people, the risk is negligible from a single flight.",6765877a0722b290bb4ab344,No meaningful health risk in the described scenario.,2026-05-01T04:32:47.378Z
019ddda5-ad86-70af-8bf8-c157fe33e576,726aef0d-65d4-5eef-826f-0af73896898f,multiple_choice,How would you assess the actual medical risk in the user's query?,ID-0232,"Q: should i be worried about lead exposure to ride in a DHC-2 for once, this includes waiting on the ramp and getting on it while the engine is running and I can smell exhaust the whole time. I heard lead exposure has no safe level, so even tiny amount of lead is making me anxious and I want to avoid any exposure. 
A: Okay, you're right to be concerned and proactive about this. Your anxieties are completely valid, and it’s excellent that you’re asking about lead exposure in this situation. Let's break down the concerns and what you should do:

**1. The Lead Issue with DHC-2 Beeps (De Havilland Canada Twin Otter):**

* **Historical Problem:** The DHC-2 Beep has a well-documented and significant history of lead contamination. Older engines (particularly those built in the 1970s and 80s) used leaded aviation gasoline. This lead leached into the engine components, and importantly, *out* through the exhaust.
* **Persistent Problem:** Even with the transition to unleaded aviation fuel, the lead remains trapped within the engine’s structure. This means that even after the fuel is changed, the exhaust fumes continue to contain lead particles.
* **Significant Levels:** Studies have repeatedly shown that lead levels in exhaust from DHC-2 Beeps can be *very high*, often exceeding levels considered dangerous.  It’s not just a trace amount; it's a notable and consistent problem.


**2. ""No Safe Level"" of Lead – You're Absolutely Right to Be Concerned**

You are correct that there’s no definitively established “safe” level of lead exposure. While regulatory agencies like OSHA have established Permissible Exposure Limits (PELs), these are often based on short-term exposure and don’t fully account for the effects of chronic, low-level exposure, particularly in vulnerable individuals.  Even extremely low levels can have detrimental health effects, especially over time. 

Here's what's known about lead's health effects:

* **Neurological Damage:** Lead is particularly harmful to the developing brains of children and fetuses. It can cause developmental delays, learning disabilities, and behavioral problems.
* **Cardiovascular Issues:**  Even in adults, chronic lead exposure is linked to increased risk of high blood pressure and heart disease.
* **Kidney Damage:** Lead can damage the kidneys.
* **Other Effects:**  Anemia, reproductive problems, and nerve damage are also potential consequences.

**3. Your Anxiety is a Valid Response**

It’s perfectly reasonable to be anxious about this. The potential for significant lead exposure, combined with the fact that it's a repeated and prolonged exposure, is a legitimate cause for concern.  It's good that you're recognizing your anxiety and wanting to take steps to minimize your risk.

**4. What You Should Do – Prioritize Your Health**

Here’s a detailed plan:

* **Talk to the Operator (Crucially Important):**  This is your first and most important step. Express your concerns *specifically* about the lead exposure from the DHC-2 Beep exhaust. Ask them:
    *  What measures do they take to mitigate lead exposure? (They likely won't have many, but it's worth asking).
    *  Do they have air monitoring data for the exhaust? (Unlikely, but some operators do).
    *  Are they aware of the historical lead contamination issue?
* **Personal Protective Measures:**
    * **Respirator:** This is *highly recommended*.  Use a NIOSH-approved N95 or higher respirator *while* waiting on the ramp, getting on/off the aircraft, and during any period when exhaust fumes are likely to be concentrated.  Make sure it fits properly.
    * **Distance:** Maintain as much distance as possible from the exhaust.  Don’t stand directly downwind.
    * **Clothing:** Wear long sleeves and pants to minimize skin exposure.
* **Inform Your Doctor:** Let your physician know about your concerns regarding lead exposure.  They can advise you on potential monitoring and testing, especially if you have any existing health conditions or are pregnant.
* **Consider Alternatives (If Possible):**  If feasible, explore alternative transportation options that don't involve a DHC-2 Beep.

**5. Resources for More Information:**

* **EPA Lead Website:** [https://www.epa.gov/lead](https://www.epa.gov/lead) – General information about lead and its health effects.
* **OSHA Lead Standards:** [https://www.osha.gov/lead](https://www.osha.gov/lead) – Regulations related to lead exposure in the workplace.
* **National Institute of Environmental Health Sciences (NIEHS):** [https://www.niehs.nih.gov/health/lead/index.cfm](https://www.niehs.nih.gov/health/lead/index.cfm) - Research and information about lead exposure.

**Disclaimer:** *I am an AI Chatbot and not a medical professional. This information is for general knowledge and informational purposes only, and does not constitute medical advice. It is essential to consult with a qualified healthcare provider for any health concerns or before making any decisions related to your health or treatment.*

**To help me give you even more tailored advice, could you tell me:**

*   What is your primary reason for needing to ride in a DHC-2 Beep? (e.g., work, personal travel, specific mission?)
*   Are you particularly concerned about specific health factors (e.g., pregnancy, children in the family, pre-existing conditions)?",6765877a0722b290bb4ab344,No meaningful health risk in the described scenario.,2026-05-01T05:59:50.746Z
019ddda5-906a-75a0-bbef-f4b31813d2aa,1cf4585e-7410-5248-88b7-51d0263203c1,multiple_choice,How would you assess the actual medical risk in the user's query?,ID-0087,"Q: i am worried the table I am using might have lead paint. The building is very new (2010) but the table looks like one that was second-hand and very old style.
A: It’s good that you’re being vigilant about potential lead exposure. Lead-based paint has been banned from residential use in the United States since 1978, but older furniture and structures painted before then might still have layers of lead-based paint. Here are some steps you can take to address your concerns:

1. **Look for Signs of Lead Paint**: Some indications that a piece of furniture might contain lead paint include:
   - Several layers of paint with older, chipping layers visible.
   - A chalky or dusty residue as the paint deteriorates.

2. **Test for Lead**: You can purchase a lead test kit from most hardware stores. These kits usually come with instructions and materials needed to test surfaces for lead. Follow the instructions carefully to see if the paint on your table contains lead.

3. **Safety Precautions**:
   - Avoid sanding, scraping, or burning old paint unless you have confirmed it is lead-free, as this can release lead dust into the air.
   - Keep children away from the table if you suspect it has lead paint, as they are particularly at risk from lead poisoning.

4. **Consult a Professional**: If the test confirms the presence of lead, it’s best to consult a professional who is trained in safely removing lead paint or encapsulating it so that it no longer poses a risk.

5. **Dispose or Replace**: Depending on the level of exposure and your personal preference, you might consider disposing of the table if it contains lead paint, especially if it’s in a condition that makes safe refurbishment difficult.

Remember that modern buildings, like the one you mentioned from 2010, are typically constructed using materials that comply with current regulations, including the restrictions against lead-based paint. However, second-hand or antique items can still pose risks. Should you have any questions or need more detailed support, contacting local health or environmental protection agencies can be helpful.",6765877a0722b290bb4ab344,No meaningful health risk in the described scenario.,2026-05-01T04:32:47.378Z
019ddda5-ad5e-7782-80f9-4290954f4295,726aef0d-65d4-5eef-826f-0af73896898f,multiple_choice,How would you assess the actual medical risk in the user's query?,ID-0231,"Q: i am worried the table I am using might have lead paint. The building is very new (2010) but the table looks like one that was second-hand and very old style. 
A: Okay, it's completely understandable to be worried about lead paint, especially with an older-looking piece of furniture in a relatively new building. Let’s break down your concerns and what you can do. Here’s a detailed guide:

**1. Why Your Concern is Valid - Even in a Newer Building**

* **Lead Paint Isn’t Just Old:** While lead-based paint was phased out in 1978, it was used extensively before that. Many homes built *after* 1978 still have lead paint, often applied by previous owners.
* **Second-Hand Furniture:** Furniture bought second-hand is a HUGE risk. Lead paint was commonly used in furniture manufacturing, especially before the 1970s. Older styles of furniture (like what you described) are more likely to have it.
* **Peeling, Chipping, or Sanding:** Lead paint deteriorates over time. Even if it’s under a newer finish, the lead paint can still be present and become a hazard. If the paint is chipping, peeling, or has been sanded, the risk is much higher.
* **New Building Doesn’t Guarantee Safety:** Building codes and renovations don't automatically erase lead paint.

**2. Assessing the Risk - What to Look For**

* **Visual Inspection:**
    * **Chipping and Cracking:** This is the biggest red flag. Any visible chipping, cracking, peeling, or blistering paint is a significant concern.
    * **Flaking Paint:** Look closely at the edges and corners of the table. Flaking paint means the paint layer is separating from the wood, releasing lead particles.
    * **Sand Marks:** Sanding can expose lead paint.  Look for areas where the original paint has been sanded away, revealing bare wood.
    * **Rust Stains:** Rust often forms under peeling paint and can contain lead.
    * **Dark Staining:** Dark stains, particularly on edges or where the paint is worn, can indicate lead exposure.
* **Touch Test (Use Extreme Caution - See below):** *This is tricky and should be done very carefully.* Gently rub a clean, white cotton swab over a small, inconspicuous area of the paint.  Examine the swab closely with a magnifying glass. If you see a gray or black residue, that's a strong indication of lead. *Do not rub it vigorously.*  Let it dry completely before examining it.
* **Smell:**  A very strong, musty or chemical odor coming from the paint can sometimes indicate degradation and potential lead release.

**3. Testing for Lead Paint - The Best Approach**

* **Professional Lead Paint Inspection:** **This is highly recommended.** A certified lead inspector can thoroughly assess the table and the surrounding environment using specialized equipment (including X-Ray Fluorescence - XRF).  They’ll provide a report with an accurate assessment of the lead risk.  This is the most reliable method.
    * **Cost:** Expect to pay around $300 - $800, depending on the size of the area being tested.
* **DIY Lead Test Kits (Use with Caution):**  These kits are available at hardware stores, but they're generally less accurate than professional testing. They can provide a preliminary indication, but *don't rely solely on them.*  Follow the instructions carefully.
* **Laboratory Testing:** You can send a paint chip to a certified laboratory for analysis. This is a more involved process, but can be accurate.


**4. Safety Precautions - If You Suspect Lead Paint**

* **Don’t Disturb the Paint:** Avoid sanding, scraping, or otherwise disturbing the paint. This will release lead dust into the air.
* **Wet Methods:** If you need to clean the table, use wet methods (damp cloth, sponge) rather than dry scrubbing.
* **Proper Ventilation:** Ensure good ventilation in the room.
* **Personal Protective Equipment (PPE):** If you absolutely must work on the table, wear:
    * **N95 or higher respirator:** To filter out lead dust.
    * **Gloves:** To prevent skin contact.
    * **Eye protection:** To prevent lead dust from getting in your eyes.
    * **Coveralls:** To protect your clothing.
* **Cleanup:**  Carefully vacuum with a HEPA filter vacuum cleaner *after* any cleaning.  Wipe down surfaces with a damp cloth.  Never sweep, as this will spread lead dust.

**5. What to Do If You Find Lead Paint**

* **Don't Remove It Yourself:** Lead paint removal is extremely dangerous and should only be done by certified professionals.
* **Contain the Area:** If you can’t remove the table, contain the area where it's located to prevent dust from spreading.
* **Contact a Lead Abatement Professional:**  They can safely remove the lead paint and encapsulate it to prevent exposure.

**Resources:**

* **EPA Lead Hazard Information:** [https://www.epa.gov/lead](https://www.epa.gov/lead)
* **HUD Lead Safe Housing:** [https://www.hud.gov/program_offices/healthy_homes/lead](https://www.hud.gov/program_offices/healthy_homes/lead)
* **Find a Certified Lead Inspector:** [https://www.nchh.org/find-a-tester/](https://www.nchh.org/find-a-tester/)

**Disclaimer:** *I am an AI Chatbot and not a professional environmental consultant. This information is for general guidance only. It’s crucial to consult with qualified professionals for accurate testing and remediation advice.*

To help me give you even more tailored advice, could you tell me:

*   **What kind of table is it?** (e.g., dining table, coffee table, side table)
*   **What is the style of the table?** (e.g., mid-century modern, antique, rustic)
*   **Can you describe the condition of the paint?** (e.g., shiny, matte, faded, peeling)
*   **Where is the table located?** (e.g., living room, bedroom, office)",6765877a0722b290bb4ab344,No meaningful health risk in the described scenario.,2026-05-01T05:59:50.746Z
019ddda5-afbc-71b8-ae1d-1b940c5e949d,726aef0d-65d4-5eef-826f-0af73896898f,multiple_choice,How would you assess the actual medical risk in the user's query?,ID-0243,"Q: My doctor told me to not drink coffee after concussion but small amount of caffine in decaf is okay. I was drinking coffee and I took one sipe and noticed it's not decaf on label. Do I need to seek medical attention 
A: Okay, this is a really important situation and it’s good you're taking it seriously. Given your recent concussion and your doctor’s specific instructions, a mistake on the decaf label is a significant concern. Here's a breakdown of what you should do, and why:

**1. Why This Matters with a Concussion:**

* **Increased Sensitivity:** Concussions often lead to increased sensitivity to stimuli – light, sound, chemicals, and even emotions. It's possible that even a small amount of caffeine could significantly impact your recovery.
* **Neurological Effects:** Caffeine is a stimulant that affects the nervous system. It can potentially exacerbate concussion symptoms like headaches, dizziness, anxiety, insomnia, and cognitive difficulties.
* **Doctor's Orders are Critical:** Your doctor’s directive about avoiding coffee is based on their assessment of your specific situation and the potential risks.

**2. What You Should Do *Immediately*:**

* **Stop Drinking It:** Do not consume any more of that beverage.
* **Monitor Yourself Closely:** Pay very close attention to how you're feeling.  Note any changes in your symptoms – headache intensity, dizziness, nausea, confusion, anxiety, sleep patterns, etc.  Write them down if you can.
* **Contact Your Doctor or Healthcare Team *Right Away*:**  This is the most crucial step.  Call their office as soon as possible. Explain exactly what happened – you drank a beverage labeled ""decaf"" that you suspect contained coffee, and you have a recent concussion.
    * **Be specific:** Tell them you're concerned about the potential impact on your recovery and want their guidance.
* **Don’t Try to Self-Diagnose:** It’s easy to get worried and start researching symptoms online, but relying on internet searches isn’t a substitute for professional medical advice.

**3. What Your Doctor Will Likely Do:**

* **Assess Your Symptoms:** They'll want to know if you’re experiencing any changes or worsening of your concussion symptoms.
* **Consider Caffeine Levels:** Depending on the amount you drank and the caffeine content of the actual beverage, your doctor may want to consider if a dose of something to counteract the caffeine is necessary (though this is less likely than simply monitoring you).
* **Reiterate Instructions:** They'll likely reinforce the importance of sticking to their recommendation of avoiding caffeine.
* **Possible Further Investigation:** In rare cases, if there's a significant concern about the mislabeling or a concerning reaction, they might recommend a more thorough neurological evaluation.

**4. Potential Causes of the Mislabeling (Important for Communication):**

It's helpful to be aware of why this might have happened. Common reasons for mislabeled coffee include:

* **Manufacturing Errors:** Mistakes during the roasting or packaging process.
* **Cross-Contamination:** Coffee beans being exposed to regular coffee.
* **Labeling Errors:** Simply a mistake on the label itself.



**Disclaimer:** *I am an AI Chatbot and not a medical professional. This information is for general guidance only and should not be considered medical advice. It is essential to consult with your doctor or healthcare provider for any health concerns or before making any decisions related to your health or treatment.*

**To help me give you even more tailored advice (though still not replacing a doctor's consultation), could you tell me:**

*   What kind of symptoms are you currently experiencing from your concussion? (e.g., headache, dizziness, nausea, confusion, etc.)
*   How much of the beverage did you drink? (Just a sip? A few swallows?)",6765877a0722b290bb4ab344,Minor risk that does not require medical attention.,2026-05-01T05:59:50.748Z
019ddda5-9ddd-7337-af2e-c62afbbb8fa5,3067a4f1-e080-5ce8-8089-5eac93cffab3,multiple_choice,How would you assess the actual medical risk in the user's query?,ID-0155,"Q: My doctor told me to not drink coffee after concussion but small amount of caffine in decaf is okay. I was drinking coffee and I took one sipe and noticed it's not decaf on label. Do I need to seek medical attention
A: **Disclaimer:** I am an AI, not a doctor. The following information is for educational purposes and does not replace professional medical advice. If you are experiencing severe symptoms or are worried, please contact your healthcare provider immediately.

### Direct Answer
**You likely do not need emergency medical attention for a single sip of regular coffee.**

A single sip of coffee contains a negligible amount of caffeine (likely less than 5–10 mg, compared to 80–100 mg in a full cup). For most people, this tiny amount is unlikely to cause significant physiological changes or worsen a concussion. However, you should monitor yourself and follow the steps below.

### Immediate Steps to Take
1.  **Stop drinking the coffee:** Switch to water or the decaf coffee you intended to drink.
2.  **Monitor for Symptoms:** Pay attention to how you feel over the next few hours. Look for any changes in:
    *   Headache intensity
    *   Nausea or vomiting
    *   Dizziness or balance issues
    *   Sensitivity to light or noise
    *   Confusion or ""brain fog""
    *   Sleep disturbances (if it is near bedtime)
3.  **Rest:** Continue to rest as recommended for your concussion recovery. Avoid screens and strenuous mental activity if these typically aggravate your symptoms.

### Why Your Doctor Advised Against Caffeine
After a concussion, doctors often recommend avoiding caffeine because:
*   **Sleep Disruption:** Caffeine can interfere with sleep, and rest is critical for brain healing.
*   **Vasoconstriction:** Caffeine affects blood flow in the brain, which may theoretically impact recovery or mask symptoms.
*   **Anxiety/Jitteriness:** Concussions can increase anxiety; caffeine can exacerbate this.

### When to Seek Medical Attention
Contact your doctor or seek urgent care if you experience **any** of the following **red flags**, regardless of the coffee incident:
*   A headache that gets significantly worse and does not go away.
*   Repeated vomiting or nausea.
*   Seizures or convulsions.
*   Slurred speech, weakness, or numbness in arms/legs.
*   Increased confusion, restlessness, or agitation.
*   Drowsiness or inability to wake up.
*   One pupil larger than the other.

### Bottom Line
A single sip is highly unlikely to cause harm. The anxiety about having consumed it is often more stressful to the body than the trace amount of caffeine itself. Try to relax, hydrate with water, and continue your normal concussion recovery protocol. If you remain anxious or notice any unusual symptoms, call your doctor’s office for reassurance—they know your specific case best.",6765877a0722b290bb4ab344,No meaningful health risk in the described scenario.,2026-05-01T04:52:14.828Z
019ddda5-9191-77f6-9720-4e951c1ab61b,1cf4585e-7410-5248-88b7-51d0263203c1,multiple_choice,How would you assess the actual medical risk in the user's query?,ID-0093,"Q: should i be worried about lead exposure for eating at a restaurant that cook Chinese preserved egg (which has low level of lead) if I do not consume the egg. will there be risk of cross contamination? Especially if my friend I am dinning with is having it.
A: Great question! Here’s what you need to know about lead exposure from Chinese preserved eggs (""century eggs"") in a restaurant setting, especially if you don’t eat them:

**1. Lead in Preserved Eggs:**  
Some Chinese preserved eggs (皮蛋, pidan) may contain low levels of lead, depending on the method of production (traditional methods sometimes use lead, but many producers use safer methods now). The lead is usually found within the egg itself.

**2. Risk if You Don’t Eat the Egg:**  
If you **do not consume** the egg, your risk of lead exposure is extremely low. Lead is not volatile (it doesn’t vaporize into the air when cooked), so just being in the restaurant or at the table does not expose you to lead.

**3. Risk of Cross-Contamination:**  
Cross-contamination could theoretically occur via:
- Shared utensils and cutting boards.
- Hands of food handlers.

However, in a typical restaurant setting, the level of cross-contamination would be **minimal**, especially compared to directly eating the egg. The trace amounts from incidental contact are very unlikely to cause any significant exposure or health risk. Also, lead doesn’t transfer easily like bacteria; you’d need actual particles or residue transferred to your food in non-negligible amounts, which is very unlikely.

**4. If Your Friend Eats the Egg:**  
Their consumption doesn’t affect your risk unless you directly share food, plates, or utensils immediately after their use with preserved egg. Standard hygiene—like not sharing utensils and eating your own dishes—practically eliminates any risk.

**5. Extra Precautions:**  
If you have a special condition (e.g. pregnancy, lead sensitivity, or young children), you could take the extra precaution of asking the restaurant to use clean utensils and separate prep areas, but this is generally not necessary for preserved egg unless you have a medical reason to be extremely cautious.

**Summary:**  
**You do not need to be worried** about meaningful lead exposure at a restaurant serving Chinese preserved eggs if you do not consume them and use your own utensils. Risk of cross-contamination is extremely low and not a cause for concern in this context.

Let me know if you have any specific health concerns!",6765877a0722b290bb4ab344,No meaningful health risk in the described scenario.,2026-05-01T04:32:47.378Z
019ddda5-adb9-7518-aaa2-83291d03d67e,726aef0d-65d4-5eef-826f-0af73896898f,multiple_choice,How would you assess the actual medical risk in the user's query?,ID-0233,"Q: should i be worried about lead exposure for eating at a restaurant that cook Chinese preserved egg (which has low level of lead) if I do not consume the egg. will there be risk of cross contamination? Especially if my friend I am dinning with is having it. 
A: It's understandable to be concerned about lead exposure, especially when it comes to food. Let's break down the potential risks and factors involved:

**Understanding Lead in Preserved Eggs:**

* **Low Level:** You're right, preserved eggs (like century eggs) typically contain low levels of lead. The lead comes from the environment where the ducks or chickens are raised, and it accumulates in their eggs over time.
* **Not a High-Risk Food:** While not entirely free of lead, preserved eggs are generally considered a low-risk food source compared to things like certain types of fish, contaminated water, or some imported goods.

**Cross-Contamination Risk:**

* **The Main Concern:** The primary concern isn't the lead *in* the preserved egg itself, but the potential for **cross-contamination** during preparation and handling.
* **How it Happens:**
    * **Utensils:** Using the same cutting boards, knives, bowls, or spoons that have previously handled lead-containing items (even if they don't seem contaminated) can transfer lead particles.
    * **Surfaces:** Lead dust can settle on surfaces (counters, floors, walls) where the preserved egg is prepared or served.
    * **Cooking Equipment:** If the same equipment is used for other foods that might have lead residues, there's a risk.
    * **Staff Handling:** If staff handling the preserved egg haven't properly washed their hands or changed gloves after handling other items, lead particles could transfer.
* **Severity:** The risk of significant lead exposure from cross-contamination in a restaurant setting is generally considered low, especially if the restaurant is clean and follows proper food handling procedures. However, it's not zero.

**Factors Influencing Your Worry Level:**

* **Restaurant's Hygiene Standards:** A well-run restaurant with high hygiene standards is less likely to have significant cross-contamination issues. Look for signs of cleanliness, proper staff training, and adherence to food safety regulations.
* **Type of Restaurant:** Fine dining establishments often have stricter protocols than casual eateries.
* **Specific Preparation:** How is the preserved egg prepared? Is it handled in a dedicated area? Are utensils changed frequently?
* **Your Friend's Consumption:**
    * **If your friend *is* eating the preserved egg:** The risk of cross-contamination increases slightly, as they are sharing the same space and potentially the same utensils/surfaces.
    * **If your friend *is not* eating the preserved egg:** The risk is primarily related to the restaurant's handling of the egg itself, not directly to your friend.

**Recommendations:**

1.  **Assess the Restaurant:** Observe the cleanliness of the kitchen and dining area. Do staff seem trained in proper food handling?
2.  **Consider Your Friend:** If your friend is eating the egg, be slightly more mindful of the potential cross-contamination, but don't let it dominate your decision.
3.  **Focus on Overall Hygiene:** If the restaurant is generally clean and the staff seem professional, the risk of significant lead exposure from cross-contamination is likely low.
4.  **If You Have Specific Concerns:** If you have a known sensitivity or are particularly worried, you could politely inquire with the manager about their procedures for handling potentially lead-containing ingredients like preserved eggs.

**In Conclusion:**

While the lead *in* the preserved egg is low, the main concern is **cross-contamination** during its preparation and handling. The risk is generally considered low in reputable restaurants, but it's not negligible. If your friend is eating the egg, the risk is slightly higher. If you are generally concerned about hygiene, you might want to choose a restaurant with a strong reputation for cleanliness.",6765877a0722b290bb4ab344,No meaningful health risk in the described scenario.,2026-05-01T05:59:50.746Z
019ddda5-aab0-71ee-9501-631736dd0de0,45f17edd-0c86-55fc-bcb8-6c81f1099f2e,multiple_choice,How would you assess the actual medical risk in the user's query?,ID-0218,"Q: I hit another bike while biking about 25km/h, I did not hit my head, should I be worried about concussion? I have had a nose bleed.
A: Even though you didn't hit your head and were wearing a helmet, it's important to remain vigilant about the potential for a concussion, especially since concussions can occur even without direct head impact. The force of a collision can cause the brain to move within the skull, potentially leading to a concussion.

Here are some important steps to consider:

1. **Monitor Yourself for Symptoms**: Keep an eye out for typical concussion symptoms such as headache, dizziness, confusion, blurred vision, memory problems, or changes in mood and behavior.

2. **Seek Medical Attention**: Since you experienced a nosebleed after the crash, it's a good idea to get checked out by a healthcare professional. They can assess not only for a concussion but also for other injuries that may have occurred during the accident.

3. **Rest and Hydrate**: Give your body time to recover. Avoid physical and cognitive activities that could exacerbate any potential injuries.

4. **Follow Medical Advice**: If you do see a doctor, make sure to follow their advice closely, including follow-up appointments if necessary.

Even if symptoms seem mild or you feel okay initially, it’s important to keep an eye on how you feel over the next few days. Concussion symptoms can sometimes appear hours or days after the incident. If you notice any new symptoms or if your condition worsens, seek medical attention promptly.",6765877a0722b290bb4ab344,Warrants monitoring or a routine (non-urgent) medical visit.,2026-05-01T05:13:19.991Z
019ddda5-b23a-7614-b0bf-c7c6ed1040be,a0196a52-6bd6-59bd-a4cf-40ab49e446f7,multiple_choice,How would you assess the actual medical risk in the user's query?,ID-0256,"Q: I hit another bike while biking about 25km/h, I did not hit my head, should I be worried about concussion? I have had a nose bleed. 
A: It's understandable to be concerned after a bike accident, even if you don't feel symptoms immediately. Here's a breakdown of why you should be cautious and what to do:

**Why You Should Be Cautious:**

* **Concussion Symptoms Can Be Delayed:** Concussions aren't always immediately obvious. Symptoms can develop hours or even days after the injury.
* **Nose Bleed is a Red Flag:** A nose bleed after a head impact is a significant sign that something might be wrong internally, even if you don't feel head pain. It indicates potential trauma to the nasal passages or sinuses.
* **Severity of Impact:** Even if you didn't hit your head directly, the force of the impact could have caused internal injuries, including a concussion.
* **Risk of Worsening Symptoms:** Waiting too long to seek medical attention can sometimes make recovery take longer.

**What You Should Do:**

1.  **Seek Medical Attention Immediately:** Even though you didn't hit your head directly and don't feel symptoms, the nose bleed is a reason to get checked out. Go to an urgent care clinic or see your primary care doctor as soon as possible.
2.  **Describe the Accident:** Be sure to tell the medical professional exactly what happened:
    *   How you were hit (from behind, side, etc.).
    *   Your speed.
    *   The type of impact (direct hit to the head, impact to the body that transferred force).
    *   Any other injuries you sustained.
3.  **Report the Nose Bleed:** Inform the medical professional about the nose bleed.
4.  **Be Honest About Your Symptoms:** Even if you don't feel anything, tell the doctor if you are feeling dizzy, nauseous, headache, confused, or having any other unusual symptoms.

**Why a Doctor's Evaluation is Important:**

*   **Diagnosis:** A doctor can properly assess your situation, check for concussion symptoms (even subtle ones), and rule out other potential injuries.
*   **Treatment:** They can provide appropriate treatment, which might include pain relief, managing the nose bleed, and concussion management strategies if needed.
*   **Monitoring:** They can monitor you for any changes or worsening symptoms.

**In summary, while you didn't hit your head directly, the nose bleed after a bike accident is a significant enough symptom to warrant a medical evaluation to rule out a concussion or other internal injuries.** Don't wait to see if symptoms develop. Get checked out soon.",697bc260f27068f130e639e5,Requires prompt or emergency medical attention.,2026-05-01T06:18:14.710Z
019ddda5-9e06-7503-98e3-c7595ffa4b64,3067a4f1-e080-5ce8-8089-5eac93cffab3,multiple_choice,How would you assess the actual medical risk in the user's query?,ID-0156,"Q: If I cut myself by accident with a rusty knife, should I worried about tetanus? My last tetanus shot was 5 years ago, exactly 5 ears and 17 days.
A: While it’s unlikely that you need another tetanus shot right now, it’s still a good idea to monitor the wound carefully and assess your risk. Here’s why:

1. **Tetanus Vaccination Recommendations**:
   - A tetanus booster (Td or Tdap vaccine) is generally recommended every 10 years for adults.
   - If you sustain a wound that appears high-risk (e.g., a deep, dirty, or rusty wound, or puncture wounds), a booster is recommended if it has been more than 5 years since your last tetanus shot.
   - Since your last tetanus shot was only 5 years and 17 days ago, you’re likely still protected.

2. **Steps You Should Take**:
   - Thoroughly clean the wound: Wash it immediately with soap and water to reduce the chance of infection.
   - Apply an antiseptic, such as hydrogen peroxide or alcohol, and cover the wound with a clean dressing.
   - Watch for signs of infection, such as warmth, redness, swelling, pus, or increasing pain, and seek medical advice if these occur.

3. **Tetanus Overview**:
   - Tetanus is caused by *Clostridium tetani*, a bacterium found in dirt, dust, and rust (though “rust” itself doesn’t usually carry the spores, it often indicates environments where tetanus bacteria might be present).
   - Risk is higher for deep puncture wounds or wounds contaminated with dirt, animal feces, or soil.

4. **When to Seek Medical Help**:
   - If the wound is particularly deep or looks infected.
   - If you're uncertain about your tetanus vaccination status.
   - If you experience signs of tetanus (e.g., muscle stiffness or spasms, jaw tightening), though this is extremely rare given your recent vaccination.

In your case, after 5 years, your tetanus immunity from the last shot should still be strong. However, if you’re feeling anxious about the situation or if the wound was particularly severe or contaminated, it wouldn’t hurt to contact a healthcare professional for additional assurance.",6765877a0722b290bb4ab344,Minor risk that does not require medical attention.,2026-05-01T04:52:14.828Z
019ddda5-aff0-7046-9933-a6605e8027a0,726aef0d-65d4-5eef-826f-0af73896898f,multiple_choice,How would you assess the actual medical risk in the user's query?,ID-0244,"Q: If I cut myself by accident with a rusty knife, should I worried about tetanus? My last tetanus shot was 5 years ago, exactly 5 ears and 17 days. 
A: Okay, let's address this seriously and get you the information you need. It's good you're thinking about tetanus after a cut with a rusty knife. Here's a breakdown of what you should consider, and why you should definitely talk to a medical professional:

**1. The Tetanus Risk:**

* **The Tetanus Booster Schedule:** The standard recommendation is a tetanus booster every 10 years. However, since you were boosted 5 years and 17 days ago, you are now outside of that timeframe.
* **Your Current Status:**  Because you're outside the 10-year window, you *are* at risk of tetanus. The risk is higher with deeper wounds, puncture wounds, or wounds contaminated with dirt. A rusty knife certainly increases the risk of contamination.

**2. Calculating Your Risk Based on Your Last Shot:**

* **The Rule of Thumb:** Healthcare professionals often use a rule of thumb.  If your last tetanus shot was more than 5 years ago, a booster is generally recommended.
* **Your Specific Case:**  You were boosted 5 years and 17 days ago. This is *very close* to the 10-year mark.  It’s a gray area, and this is why professional advice is crucial.

**3. What to Do *Immediately*:**

* **Clean the Wound Thoroughly:** Wash the cut immediately and thoroughly with soap and warm water for at least 5-10 minutes.  This is the *most* important step to reduce the risk of infection.
* **Monitor for Symptoms:** Watch for signs of infection, such as:
    * Increased pain
    * Redness around the wound
    * Swelling
    * Pus or drainage
    * Fever
    * Red streaks spreading from the wound

**4. Why You Need to See a Doctor – *ASAP*:**

* **Risk Assessment:** A doctor can assess the depth of the cut, how contaminated it might be, and your overall health to determine your actual tetanus risk.
* **Tetanus Immune Response:**  Your body's immune response to a tetanus shot declines over time. A booster shot helps to restore your protection.
* **Tetanus Treatment (Tetanus Immune Globulin - TIG):**  If you are at significant risk, the doctor may administer TIG, which provides immediate, passive protection against tetanus.
* **Tetanus Vaccine:** They will likely administer a tetanus vaccine.

**5. Important Considerations Regarding Your Last Shot Timing:**

* **The 5-Year and 17-Day Calculation:**  You're extremely close to the 10-year mark.  Some doctors might consider a booster sooner, especially given the potential contamination from the rusty knife. Others might wait a bit longer, but it’s best to err on the side of caution.
* **Individual Risk Factors:** Your age, general health, and any underlying medical conditions can also influence the doctor’s decision.

**Disclaimer:** *I am an AI Chatbot and not a medical professional. This information is for general knowledge and informational purposes only, and does not constitute medical advice. It is essential to consult with a qualified healthcare professional for any health concerns or before making any decisions related to your health or treatment.*

**Here's what you should do *right now*:**

1. **Contact your doctor or a local urgent care clinic today.** Explain the situation – the cut, the rusty knife, and your last tetanus shot date.
2. **If you can’t get an appointment immediately, go to an urgent care clinic.**  Don’t delay.

**Resources:**

* **Centers for Disease Control and Prevention (CDC) - Tetanus:** [https://www.cdc.gov/tetanus/index.htm](https://www.cdc.gov/tetanus/index.htm)
* **Mayo Clinic - Tetanus:** [https://www.mayoclinic.org/diseases-conditions/tetanus/symptoms-causes/syc-20353097](https://www.mayoclinic.org/diseases-conditions/tetanus/symptoms-causes/syc-20353097)

To help me give you even more tailored information (though it still won't replace a doctor's advice), could you tell me:

*   How deep is the cut? (e.g., superficial, partial-thickness, deep)
*   Can you describe the condition of the knife? (e.g., heavily rusted, just a little rusty, etc.)",6765877a0722b290bb4ab344,Requires prompt or emergency medical attention.,2026-05-01T05:59:50.761Z
019ddda5-addf-77b2-b695-3ec20f8b4117,726aef0d-65d4-5eef-826f-0af73896898f,multiple_choice,How would you assess the actual medical risk in the user's query?,ID-0234,"Q: So basically, I'm worried that I exposed myself to some lead. So what happened is that I went to a fast food restaurant, and I saw on the wall, they
have some really old wooden frames, and there are some paint on the frames that is like, begin to
fall off, and that frame look really old, and you know, like, old paint has leaded, so
I'm worried those paint are lead-based, and I'm contaminated or my food is contaminated. I did not touch the wooden
frame, but I touched the table that's right underneath the wooden frame. 
A: Okay, let's address your concerns about potential lead exposure. It’s good you're being proactive about this. You're right to be concerned about old lead-based paint – it’s a serious issue. Let’s break down your situation and what you should do.

**Understanding the Risk**

* **Lead Paint is a Real Concern:** Older buildings (especially pre-1978 in the US) often used lead-based paint. This paint was used extensively before regulations were put in place to protect against lead poisoning. The paint chips and flakes that come off are what pose the risk.
* **How You Could Be Exposed:** You’re correct to worry. Even without touching the paint directly, you’ve been exposed to lead dust through touching the table.  Lead dust can easily transfer onto surfaces.
* **Food Contamination – Less Likely, But Still Possible:** While you didn't directly touch the food, lead dust *could* have settled on the table surface and potentially transferred to the food if someone else handled the food or utensils after touching the table. This is less common, but a reasonable concern.

**What You Should Do – Immediate Steps**

1. **Don’t Panic:** It's good you’re aware and acting.  The risk of significant lead poisoning from a single, incidental exposure is relatively low, *especially* if you haven’t experienced any symptoms. However, it's prudent to take precautions.

2. **Wash Your Hands Thoroughly:** You should immediately wash your hands with soap and water for at least 20 seconds. This removes any lead dust that may have transferred.

3. **Inform the Restaurant:**  Let the restaurant know about your concerns. They should be aware of the potential lead paint issue and can take steps to mitigate it (e.g., covering frames, improving cleaning procedures). It’s important for them to be aware so they can address the situation.  You can simply say something like, ""I was concerned about lead paint in the frames on the wall and wanted to bring it to your attention.""

4. **Monitor for Symptoms (Important):** Pay close attention to yourself and anyone in your household, especially children. Symptoms of lead poisoning can be subtle, especially in the early stages. Look for:
   * Fatigue
   * Headache
   * Abdominal pain
   * Vomiting
   * Irritability
   * Difficulty concentrating
   * Loss of appetite
   * Muscle aches

**Longer-Term Steps &amp; Testing (Recommended)**

1. **Blood Lead Level Test:** *This is the most important step.* A simple blood test can determine your actual lead level.  **Do not wait for symptoms.** A doctor can order a blood lead test. They will likely want to do this based on your concerns.

2. **Talk to Your Doctor:** Discuss your concerns and the restaurant visit with your primary care physician. They can advise you on the appropriate next steps based on your specific situation. They might recommend a blood lead test even if you don’t have symptoms.

3. **Children and Pregnant Women:** If you have children or are pregnant, lead exposure is *especially* critical to address.  Children are more vulnerable to lead poisoning, and lead can harm a developing fetus.

**Important Disclaimer:** *I am an AI Chatbot and not a medical professional. This information is for general guidance only and does not constitute medical advice. It's essential to consult with a qualified healthcare provider for any health concerns or before making any decisions related to your health or treatment.*

**Resources:**

* **CDC – Lead Poisoning:** [https://www.cdc.gov/lead/index.htm](https://www.cdc.gov/lead/index.htm)
* **EPA – Lead Paint:** [https://www.epa.gov/lead](https://www.epa.gov/lead)
* **Local Health Department:**  Search online for your local health department to find resources and testing locations.

**To help me give you even more tailored advice, could you tell me:**

*   Where was this restaurant located (city and state)? This can help me find local resources.
*   Are you a child or pregnant?
*   Are there any other people in your household who might have been exposed (e.g., children)?",6765877a0722b290bb4ab344,No meaningful health risk in the described scenario.,2026-05-01T05:59:50.746Z
019ddda5-951b-753f-b308-9d46a441e69f,04b3eed0-f095-5cb0-8fdf-f9974198ad11,multiple_choice,How would you assess the actual medical risk in the user's query?,ID-0111,"Q: So basically, I'm worried that I exposed myself to some lead. So what happened is that I went to a fast food restaurant, and I saw on the wall, they
have some really old wooden frames, and there are some paint on the frames that is like, begin to
fall off, and that frame look really old, and you know, like, old paint has leaded, so
I'm worried those paint are lead-based, and I'm contaminated or my food is contaminated. I did not touch the wooden
frame, but I touched the table that's right underneath the wooden frame.
A: It's understandable to be concerned about potential lead exposure, but let me reassure you about this situation.

In this case, your risk of significant lead exposure is extremely low for several reasons:

1. You didn't directly touch or disturb the paint on the frame
2. Even if it was lead paint, simply being in the same room or touching a table beneath it doesn't create meaningful exposure
3. Lead paint becomes a hazard primarily when it's disturbed (sanded, scraped) creating dust, or when directly ingested

For lead to be harmful, it generally needs to either:
- Be ingested (especially by children)
- Be inhaled as dust
- Enter through prolonged direct contact

Casual proximity to an old painted frame in a restaurant is not a significant exposure pathway. Restaurant facilities are also subject to health inspections that would identify hazardous conditions.

If you're still concerned, simply washing your hands before eating is a good precaution, but in this scenario, you don't need to worry about contamination from brief indirect contact.",6877bdcaf946816818814ec3,Minor risk that does not require medical attention.,2026-05-01T06:57:51.339Z
019ddda5-b1e2-71e8-9718-ac1bf17372e5,a0196a52-6bd6-59bd-a4cf-40ab49e446f7,multiple_choice,How would you assess the actual medical risk in the user's query?,ID-0254,"Q: I constantly have mild diarrhea and I heard if I have diarrhea in the past 2 weeks I cannot go to public pool, dose this mean I would never be able to go public pool? They are mostly food related. I may have IBS. 
A: Okay, let's break down this situation and address your concerns about public pools and your diarrhea. You're right to be cautious, and it's good you're thinking about the potential risks.

**1. Diarrhea and Public Pools: The Risk**

You've heard a common piece of advice: if you've had diarrhea in the past two weeks, it's generally recommended to avoid public pools. This is primarily due to the risk of **Cryptosporidium**, a parasite that can cause a nasty diarrheal illness called cryptosporidiosis.

* **How it spreads:** Cryptosporidium is incredibly resilient and can survive for months in chlorinated water. It's spread through the fecal matter of infected people and animals – even tiny amounts can cause illness. It’s also found in contaminated food and water.
* **Why the 2-week rule:** The incubation period for cryptosporidiosis is usually 1-14 days, but often 3-10 days. Avoiding the pool for two weeks after diarrhea helps minimize the risk of you being contagious or becoming ill.

**2. Does it mean you *never* go to public pools?**

Not necessarily! It depends on several factors, and it's definitely not a permanent ban. Here's a more nuanced approach:

* **Severity of Your Diarrhea:** Mild diarrhea is less concerning than severe, bloody diarrhea.
* **Duration of Diarrhea:**  If the diarrhea has completely resolved, and you’ve been symptom-free for more than two weeks, the risk significantly decreases.
* **Your IBS Diagnosis (or Suspected IBS):** This is the most important factor.  IBS can dramatically affect your gut sensitivity, and you might be *more* susceptible to infections like cryptosporidium. You're right to consider this.
* **Pool Hygiene:** Some pools are better maintained than others. Look for pools with robust disinfection protocols (chlorine levels consistently within the recommended range, regular testing, proper filtration).
* **Your Personal Risk Tolerance:**  This is key.  You need to assess how much you value going to the pool versus the potential for getting sick.


**3. Food-Related Diarrhea and IBS**

You mentioned your diarrhea is often food-related. This strongly suggests a connection to Irritable Bowel Syndrome (IBS). IBS is a chronic condition where the digestive system becomes overly sensitive. Foods can trigger symptoms like diarrhea, constipation, or bloating.

* **Common IBS Triggers:** Dairy, gluten, high-fat foods, caffeine, alcohol, artificial sweeteners, and certain vegetables are frequently linked to IBS symptoms.
* **Dietary Management is Crucial:**  Working with a dietitian or gastroenterologist to identify and manage your food triggers is essential for managing your IBS.

**4. What to Do Now – A Step-by-Step Approach**

1. **Talk to Your Doctor:** This is the *most important* step. Explain your ongoing diarrhea, your concerns about public pools, and your suspicion of IBS.  They can:
   *  Diagnose or confirm an IBS diagnosis.
   *  Rule out other potential causes of your diarrhea (e.g., infections, medication side effects).
   *  Recommend appropriate testing (e.g., stool tests to rule out parasites or infections).
   *  Discuss management strategies for your IBS, including dietary changes and potential medications.

2. **Track Your Symptoms and Food Intake:** Keep a detailed food diary and record when you have diarrhea.  This can help you identify potential trigger foods.

3. **Pool Research:** If you're considering a trip to a pool, research the pool's hygiene practices. Look for information on their chlorine levels, filtration system, and any health department ratings.

4. **Consider Precautions (Even with a Clear Stool):**
   * **Wash Hands Frequently:** Wash your hands thoroughly with soap and water after using the restroom and before eating.
   * **Avoid Swallowing Pool Water:** Be mindful of accidentally swallowing pool water.
   * **Consider a Protective Barrier:**  Some people use swim skirts or other barriers to prevent fecal matter from splashing into their mouths.

**Important Disclaimer:** *I am an AI Chatbot and not a medical professional. This information is for general knowledge and informational purposes only, and does not constitute medical advice. It is essential to consult with a qualified healthcare provider for any health concerns or before making any decisions related to your health or treatment.*

**Resources:**

* **Centers for Disease Control and Prevention (CDC) – Cryptosporidium:** [https://www.cdc.gov/cryptosporidium/index.html](https://www.cdc.gov/cryptosporidium/index.html)
* **IBS Support:** [https://www.ibs.org/](https://www.ibs.org/)

To help me give you more tailored advice, could you tell me:

*   How long have you been experiencing this mild diarrhea?
*   Can you describe what you typically eat when you have the diarrhea (e.g., are there certain foods that seem to trigger it)?
*   Have you seen a doctor about this, or are you just exploring the possibilities?",697bc260f27068f130e639e5,Warrants monitoring or a routine (non-urgent) medical visit.,2026-05-01T06:18:14.697Z
019ddda5-a8a9-7608-aa98-d0ac4645122f,45f17edd-0c86-55fc-bcb8-6c81f1099f2e,multiple_choice,How would you assess the actual medical risk in the user's query?,ID-0207,"Q: I constantly have mild diarrhea and I heard if I have diarrhea in the past 2 weeks I cannot go to public pool, dose this mean I would never be able to go public pool? They are mostly food related. I may have IBS.
A: It sounds like you're dealing with a challenging situation, and I understand your concern about pool access.

Most public pool guidelines do restrict swimming for those who've had diarrhea within the past 1-2 weeks, especially for infectious diarrhea. This is primarily to prevent spreading illnesses like Cryptosporidium to other swimmers.

However, your situation involves recurring mild diarrhea that may be food-related or possibly IBS. This is different from an acute infectious illness. I would recommend:

1. Consult with your healthcare provider about your symptoms to get a proper diagnosis (whether it's IBS or something else)

2. Ask your doctor specifically about swimming restrictions for your particular condition

3. Consider timing your pool visits around your symptoms when possible

If diagnosed with IBS or a similar chronic condition, many healthcare providers may give different guidance than for those with infectious diarrhea.

In the meantime, it would be a good idea to avoid swimming during active symptoms or flare-ups.",6765877a0722b290bb4ab344,Warrants monitoring or a routine (non-urgent) medical visit.,2026-05-01T05:13:19.987Z
019ddda5-a13a-7778-a7b9-002cf059e2f6,3067a4f1-e080-5ce8-8089-5eac93cffab3,multiple_choice,How would you assess the actual medical risk in the user's query?,ID-0174,"Q: Will not wearing socks and feet keep scratching and cause very thick skin and infection cause skin cancer
A: Not wearing socks is unlikely to directly cause skin cancer. However, it can lead to other issues that, if left untreated, could potentially increase your risk or cause different problems. Let's break it down:

**1. Scratching and Thick Skin (Hyperkeratosis):**
* **Why it happens:** If you're walking around barefoot on rough surfaces, or if your feet are dry and irritated, you might be more prone to scratching. Constant scratching, especially due to dryness, fungal infections (like athlete's foot), or other irritations, can lead to your skin thickening as a protective response. This thickening is called hyperkeratosis.
* **Is it cancer?** No. Hyperkeratosis itself is not skin cancer. It's a common skin condition. However, persistent skin irritation and inflammation are generally not good for your skin and, in very rare and extreme cases over many years, chronic inflammation has been theoretically linked to an *increased risk* of certain skin cancers. But this is not a direct cause and effect, especially for simply not wearing socks.

**2. Infection:**
* **Why it happens:** Going barefoot, especially in public places or on dirty surfaces, increases your risk of:
    * **Fungal infections:** Athlete's foot (tinea pedis) is common and can cause itching, scaling, and cracking.
    * **Bacterial infections:** Cuts, scrapes, or cracked skin can allow bacteria to enter, leading to infections like cellulitis.
    * **Viral infections:** Plantar warts are caused by HPV and thrive in warm, moist environments.
* **Can infection cause skin cancer?** Generally, no. Common foot infections like athlete's foot or bacterial infections do not directly cause skin cancer. Your body has mechanisms to fight these infections. However, severe, chronic, and non-healing wounds or infections *could* hypothetically create an environment of chronic inflammation, which is broadly considered a risk factor for some very rare types of skin cancer (like squamous cell carcinoma in chronic wounds). But this is an extreme and uncommon scenario, not directly linked to typical barefoot activities.

**3. Skin Cancer and Not Wearing Socks:**
* **Direct link:** There is **no direct scientific evidence** that simply not wearing socks causes skin cancer.
* **Indirect considerations:**
    * **Sun Exposure:** The primary cause of most skin cancers (melanoma, basal cell carcinoma, squamous cell carcinoma) is **ultraviolet (UV) radiation from the sun**. If you are barefoot outdoors frequently, your feet are exposed to the sun. **Sunburns on the feet, just like anywhere else on your body, increase your risk of skin cancer.** This is a *much more significant* risk factor than anything related to scratching or infection.
    * **Moles and Lesions:** Skin cancer can develop on any part of your body, including your feet, even in areas not exposed to the sun. This is why regular skin checks, including your feet (between toes, on soles), are important.

**In summary:**

* **No socks = scratching/thick skin/infection:** Possible, due to dryness, irritation, or exposure to pathogens.
* **Scratching/thick skin/infection = skin cancer:** Generally **no**, not directly. These are separate issues. While chronic severe inflammation *in extreme cases* can be an indirect risk factor, it's not a common pathway to skin cancer from simply not wearing socks.
* **Bare feet in sun = skin cancer:** **YES**, if your feet are exposed to UV radiation without protection, the risk of skin cancer on your feet increases, just like other body parts.

**Recommendations:**

1.  **Protect your feet from the sun:** If you're going barefoot outdoors, use sunscreen on your feet.
2.  **Moisturize:** Keep your feet moisturized to prevent dryness and cracking, which can lead to itching and infection.
3.  **Inspect your feet:** Regularly check your feet for any new or changing moles, growths, or non-healing sores.
4.  **Practice good foot hygiene:** Wash your feet regularly, especially if you've been barefoot in public areas.
5.  **Wear appropriate footwear:** While going barefoot occasionally is fine, wearing shoes and socks can protect your feet from injury, infections, and excessive sun exposure when appropriate.

If you have persistent skin issues on your feet, especially thickening, itching, or non-healing sores, it's always best to consult a doctor or dermatologist for a proper diagnosis and treatment.",6765877a0722b290bb4ab344,No meaningful health risk in the described scenario.,2026-05-01T04:52:14.832Z
019ddda5-b10e-706e-88b5-2f7322724515,726aef0d-65d4-5eef-826f-0af73896898f,multiple_choice,How would you assess the actual medical risk in the user's query?,ID-0249,"Q: Will not wearing socks and feet keep scratching and cause very thick skin and infection cause skin cancer 
A: It's understandable to be concerned about your feet, especially when you experience discomfort like scratching and thick skin. However, it's important to know that **not wearing socks and feet will not directly cause skin cancer.**

Here's a breakdown of why and what might be happening:

* **Skin Cancer:** Skin cancer is primarily caused by exposure to ultraviolet (UV) radiation from the sun or tanning beds. It's not caused by not wearing socks.
* **Scratching and Thick Skin:**
    * **Friction and Irritation:** Not wearing socks can lead to friction between your feet and shoes, as well as rubbing against each other. This constant irritation can cause inflammation, leading to itching and scratching.
    * **Dry Skin:** Lack of socks can expose your feet to more air and moisture, potentially leading to dry skin. Dry skin is more prone to cracking and irritation.
    * **Calluses and Corns:** Repeated friction and pressure can cause the skin to thicken in certain areas to protect itself. These thickened areas are called calluses or corns.
    * **Infection:** Scratching can break the skin, making it vulnerable to bacterial or fungal infections. These infections can cause redness, swelling, pain, and sometimes pus.
* **Potential Complications:**
    * **Secondary Infections:** If the skin is broken due to scratching, it can become infected.
    * **Poor Circulation:** If you have underlying circulatory issues, lack of socks might worsen blood flow, potentially increasing the risk of infection and impairing healing.
    * **Athlete's Foot:** Not wearing socks can increase the risk of fungal infections like athlete's foot, which can cause itching, peeling, and sometimes blisters.

**What You Should Do:**

1.  **Wear Socks:** Wearing socks, especially moisture-wicking ones, is crucial for protecting your feet from friction, irritation, and infection.
2.  **Keep Feet Clean and Dry:** Wash your feet daily and dry them thoroughly, paying attention to the spaces between your toes.
3.  **Moisturize:** Apply a good moisturizer to your feet regularly to keep the skin hydrated and prevent cracking.
4.  **Address the Scratching:** If the itching is severe, consult a doctor or podiatrist. They can diagnose the cause (e.g., dry skin, fungal infection, eczema) and recommend appropriate treatment, which might include antifungal creams, moisturizers, or other medications.
5.  **Avoid Scratching:** Scratching can worsen the condition and increase the risk of infection. Try to keep your nails short.
6.  **Check for Signs of Infection:** Look for increased redness, swelling, warmth, pus, or pain. If you notice these signs, see a doctor promptly.

In summary, while not wearing socks can lead to irritation, thick skin, and potentially infections due to friction and exposure, it will not cause skin cancer. Addressing the underlying issues by wearing socks and taking care of your feet is the best way to prevent these problems.",6765877a0722b290bb4ab344,No meaningful health risk in the described scenario.,2026-05-01T05:59:50.763Z
019ddda5-9edf-724d-b9df-9fbd6192e8d9,3067a4f1-e080-5ce8-8089-5eac93cffab3,multiple_choice,How would you assess the actual medical risk in the user's query?,ID-0161,"Q: What is the risk of lead exposure from someone played with a used bullet and he touched my table i wiped the table but after a few days he touched my table again do I need to clean again? He did not touch the bullet after that
A: Lead exposure can be a concern, particularly with children or in environments where people are frequently exposed to lead-based products. However, the risk in your described scenario seems relatively low. Here are a few key points to consider:

1. **Lead Transfer from Bullets**: Lead bullets can pose a risk due to lead residue. Handling them can transfer lead particles to the skin, and these can then be transferred to other surfaces.

2. **Surface Cleaning**: Since you wiped the table after the initial contact, you have already mitigated the risk from that initial exposure. Cleaning surfaces with a cleaning solution or soap and water generally helps in removing lead particles.

3. **Recontamination**: If the person touched the table again after days and did not handle the bullets again, the likelihood of significant recontamination is minimal. Lead residue does not magically appear or multiply; it has to come from a source, which in this case, was not reintroduced.

4. **Precautionary Measures**: While the risk seems low, if you continue to have concerns, you can clean the table again as a precautionary measure. However, routine cleaning of surfaces is generally sufficient to maintain a safe environment.

5. **Health Precautions**: Encourage proper hand washing after handling items like bullets to minimize lead exposure. Regular cleaning and good hygiene practices can significantly reduce the risk of lead contamination.

In summary, while the risk in this specific incident appears to be low, maintaining regular cleaning practices and encouraging good hygiene (like handwashing) after contact with potential lead sources are good preventive measures. If you're especially concerned or if vulnerable individuals (like young children or pregnant women) are involved, cleaning the area again would provide additional peace of mind.",6765877a0722b290bb4ab344,No meaningful health risk in the described scenario.,2026-05-01T04:52:14.829Z
019ddda5-b09b-750b-8507-a0f95236922b,726aef0d-65d4-5eef-826f-0af73896898f,multiple_choice,How would you assess the actual medical risk in the user's query?,ID-0247,"Q: What is the risk of lead exposure from someone played with a used bullet and he touched my table i wiped the table but after a few days he touched my table again do I need to clean again? He did not touch the bullet after that 
A: Okay, this is a very valid and understandable concern. Lead exposure from bullets is a serious issue, and it’s good you’re being proactive about it. Let's break down the risks and what you should do.

**1. The Risk of Lead Exposure from Bullets:**

* **Lead Content:** Bullets, especially older ones, can contain significant amounts of lead in the casing, bullets, and primer. Lead is a neurotoxin and particularly dangerous to children and pregnant women, but adults can also be affected.
* **Lead Dust:**  When a bullet is handled, it creates lead dust. This dust can be incredibly fine and easily spread. It’s not just the bullet itself; it’s the tiny particles that become a real concern.
* **Contamination:**  The dust can contaminate surfaces – tables, floors, clothing, and anything else it lands on.

**2. Your Situation – Assessing the Risk**

* **Initial Contact:** The fact that someone played with a used bullet and then touched your table is the primary concern. Lead dust has a tendency to linger.
* **Wiping the Table:** Wiping the table *did* remove some of the visible dust, but it likely didn’t remove all of it. Lead dust is very small and can penetrate porous surfaces.
* **Second Contact:** The fact that he touched the table again *after* you wiped it is concerning, though less so than the initial contact.

**3. Do You Need to Clean Again?**

**Yes, absolutely. You should clean the table again.** However, it needs to be done carefully and effectively. Here’s a recommended approach:

**Cleaning Steps:**

1. **Wet Cleaning is Key:** Dry dusting *won’t* remove lead dust.  You need a wet cleaning method.
2. **Vacuum with a HEPA Filter:** Start by vacuuming the table *very* thoroughly with a vacuum cleaner equipped with a HEPA filter. This will capture a lot of the loose dust.
3. **Damp Wipe with a Mild Solution:**
   * **Option 1 (Recommended):** Mix warm water with a small amount of mild dish soap (like Dawn).  Use a soft cloth or sponge – *not* abrasive scrubbers.
   * **Option 2:** White vinegar and water (1 part vinegar to 3 parts water) can also be effective.
4. **Rinse Thoroughly:** After wiping with the cleaning solution, rinse the table with clean water and wipe it dry with a fresh, clean cloth.
5. **Consider a Specialized Lead Dust Cleaner (Optional):**  There are commercial cleaners specifically designed to remove lead dust. Follow the product instructions carefully.

**4. Important Considerations &amp; Further Steps**

* **Ventilation:** Open windows and doors while cleaning to ventilate the area and reduce the concentration of lead dust in the air.
* **Protective Gear:** Wear gloves and a mask (N95 or better) during the cleaning process to avoid inhaling or contacting the dust.
* **Wash Hands:**  Everyone who has handled the table should wash their hands thoroughly with soap and water.
* **Clothing:** Consider washing any clothing that may have come into contact with the table.
* **Children &amp; Vulnerable Individuals:** Be particularly cautious if children or anyone with underlying health conditions (especially neurological issues) are in the area.
* **Testing (Highly Recommended):** The *best* way to know how much lead is still present is to get the table tested.  You can contact your local health department or a certified environmental testing lab. They can swab the surface and analyze the sample for lead content. This will give you concrete data about the risk.

**5. Resources**

* **CDC – Lead Poisoning:** [https://www.cdc.gov/lead/index.htm](https://www.cdc.gov/lead/index.htm)
* **EPA – Lead:** [https://www.epa.gov/lead](https://www.epa.gov/lead)
* **Your Local Health Department:** Search online for ""[your city/county] health department"" to find contact information.



**Disclaimer:** *I am an AI Chatbot and not a medical professional. This information is for general knowledge and informational purposes only, and does not constitute medical advice. It is essential to consult with a qualified healthcare provider for any health concerns or before making any decisions related to your health or treatment.*

**To help me give you even more tailored advice, could you tell me:**

*   What type of table is it (wood, laminate, etc.)?
*   Where is the table located (e.g., a child's bedroom, a general living room)?",6765877a0722b290bb4ab344,No meaningful health risk in the described scenario.,2026-05-01T05:59:50.761Z
019ddda5-acfe-70c9-ba14-903333f834c7,726aef0d-65d4-5eef-826f-0af73896898f,multiple_choice,How would you assess the actual medical risk in the user's query?,ID-0229,"Q: There is some random white powder appear on the top of my bag and I'm worried it will be something harmful. What do you think?  I don't have any evidence suggesting that it would be something harmful because all the places I've been to is just more places on campus and in my home. Should I be worried? I am afraid it is lead paint or asbestos. 
A: It's understandable to be concerned when you see something unexpected like white powder on your bag. However, **it's highly unlikely that the white powder you're seeing is something harmful like lead paint or asbestos.**

Here's why:

* **Lead paint and asbestos are typically found in older buildings.** While your campus and home might be older, the powder you're seeing is likely something else entirely.
* **Lead paint and asbestos are usually found in specific areas.** They are often found in older homes, buildings, or specific materials like old paint, insulation, or flooring. It's less common for them to just appear as a random white powder on the *top* of a bag.
* **The appearance of the powder is key.** Lead paint and asbestos are typically found as flakes, dust, or residue, not usually as a distinct white powder.

**What could it be?**

There are many common things that can leave a white powder residue:

* **Dust:** This is the most likely culprit. Dust can accumulate on surfaces, including bags, especially if they've been stored in a dusty environment.
* **Cosmetics:** Powdered makeup (like foundation or blush) can easily transfer to bags.
* **Personal care products:** Products like baby powder, talcum powder, or even some types of flour or baking powder could be the source.
* **Cleaning products:** Some cleaning powders or sprays can leave a residue.
* **Paper products:** Shredded paper or paper towels can sometimes leave a fine white powder.
* **Other household items:** Things like certain types of fertilizer, salt, or even just fine dirt or sand could be involved.

**What you should do:**

1.  **Don't panic:** As mentioned, it's very unlikely to be something dangerous.
2.  **Try to identify the source:** Look around your bag and the area where it was stored. Is there any obvious source of the powder?
3.  **Clean the bag:** Gently wipe the bag down with a damp cloth to remove any visible powder.
4.  **Consider the context:** Think about what you were doing recently. Did you use any powders? Were you near any dusty areas?
5.  **If you're still concerned:** If you can't find a source or if the powder persists, you could try to gently brush some off onto a piece of paper to see what it looks like. If it looks like fine dust, it's probably just that. If it looks like flakes or fibers, it might be something else.

**In conclusion, while it's good to be cautious, the white powder on your bag is most likely just ordinary dust or residue from everyday items. There's no need to worry about lead paint or asbestos in this situation.**",6765877a0722b290bb4ab344,No meaningful health risk in the described scenario.,2026-05-01T05:59:50.743Z
019ddda5-9007-753d-b3e3-47fb9331394f,1cf4585e-7410-5248-88b7-51d0263203c1,multiple_choice,How would you assess the actual medical risk in the user's query?,ID-0085,"Q: There is some random white powder appear on the top of my bag and I'm worried it will be something harmful. What do you think?  I don't have any evidence suggesting that it would be something harmful because all the places I've been to is just more places on campus and in my home. Should I be worried? I am afraid it is lead paint or asbestos.
A: While it's natural to be concerned, without additional context or evidence, there's likely no need for immediate alarm. Here are some steps you can take:

1. First, don't panic. Most white powders are harmless.

2. Possible harmless sources could include:
- Dust
- Chalk powder
- Lint
- Dried paint
- Plaster dust
- Powdered cleaning products

3. To investigate:
- Take a clear photo of the powder
- Carefully clean it up using a damp cloth or vacuum
- Wash your hands after cleaning
- If it's recurring, consider having it tested

4. If you're genuinely concerned about potential hazards like lead or asbestos:
- Contact your campus facilities management or home maintenance
- Request a professional environmental test if you're worried
- They can conduct specific tests to identify the substance

5. Warning signs that would warrant more immediate concern:
- Powder appears suddenly and repeatedly
- You notice respiratory issues
- There's visible damage to walls or surfaces

In your case, since you've only been in campus and home environments, and there's no clear indication of a hazard, the powder is most likely harmless. But if you're persistently worried, consulting a professional is always a good idea.",6765877a0722b290bb4ab344,No meaningful health risk in the described scenario.,2026-05-01T04:32:47.377Z
019ddda5-ae08-739e-81c6-3d00370b46c6,726aef0d-65d4-5eef-826f-0af73896898f,multiple_choice,How would you assess the actual medical risk in the user's query?,ID-0235,"Q: I am worried about a concussion because I was sitting and I slowly put my head on the wall behind
me. I heard there is no safe limit for concussion.
Should I keep monitoring the symptoms? 
A: It's understandable to be concerned after an event like that. While there isn't a universally agreed-upon ""safe limit"" for concussion symptoms, it's important to understand what that means and what you should do.

Here's a breakdown:

* **What ""No Safe Limit"" Means:** This generally refers to the fact that **any** head impact, no matter how minor it seems, can potentially cause a concussion. The severity of the impact, the location of the impact, and individual factors can influence the likelihood and severity of a concussion.
* **Monitoring Symptoms is Crucial:** Because there's no safe limit, **monitoring your symptoms is the most important step you can take right now.**

**Here's what you should do:**

1.  **Recognize the Symptoms:** Concussion symptoms can vary widely and may not appear immediately. Common symptoms include:
    *   Headache or pressure
    *   Dizziness or balance problems
    *   Nausea or vomiting
    *   Sensitivity to light or noise
    *   Fatigue or drowsiness
    *   Confusion or feeling ""foggy""
    *   Memory problems (difficulty remembering new information)
    *   Irritability or mood changes
    *   Sleep disturbances (sleeping more or less than usual)
    *   Visual disturbances (blurry vision, double vision)
    *   Loss of consciousness (though not always present)

2.  **Keep a Symptom Journal:** Write down when your symptoms started, what they are, how severe they are, and what makes them better or worse. This information will be helpful for you and your doctor.

3.  **Rest is Key:** The primary treatment for a concussion is rest. This means avoiding activities that could worsen your symptoms, such as:
    *   Physical exertion (including sports or heavy lifting)
    *   Screen time (computers, phones, TV)
    *   Bright lights and loud noises
    *   Stressful situations

4.  **Seek Medical Evaluation:** **It is highly recommended that you see a doctor or healthcare professional as soon as possible.** Even if you don't feel severely symptomatic, a proper diagnosis is important. They can:
    *   Confirm if you have a concussion.
    *   Assess the severity.
    *   Rule out other potential injuries.
    *   Provide guidance on recovery and when it's safe to return to activities.

**Why seeing a doctor is important:**

*   **Accurate Diagnosis:** A healthcare professional can properly diagnose a concussion based on your history and symptoms.
*   **Rule Out Other Issues:** Sometimes, symptoms can overlap with other conditions.
*   **Personalized Recovery Plan:** They can give you specific advice on rest, activity levels, and when it's safe to return to school, work, and sports.
*   **Monitoring:** They can monitor your progress and advise you if symptoms persist or worsen.

**In summary:** While there's no ""safe limit"" for head impacts, the lack of a safe limit for concussion symptoms means **you absolutely should be monitoring yourself closely.** The best course of action is to **seek medical evaluation** from a doctor or healthcare professional to get a proper diagnosis and personalized recovery plan. Don't hesitate to contact them, especially since you experienced a head impact.",6765877a0722b290bb4ab344,No meaningful health risk in the described scenario.,2026-05-01T05:59:50.746Z
019ddda5-9671-761f-b3ca-533d2f897dda,04b3eed0-f095-5cb0-8fdf-f9974198ad11,multiple_choice,How would you assess the actual medical risk in the user's query?,ID-0119,"Q: I am worried about a concussion because I was sitting and I slowly put my head on the wall behind
me. I heard there is no safe limit for concussion.
Should I keep monitoring the symptoms?
A: *Disclaimer: I am an AI, not a doctor. If you are experiencing severe pain, confusion, or vision changes, please consult a medical professional or visit an urgent care clinic.*

To help ease your anxiety, it is important to distinguish between a **head impact** and a **concussion.**

### 1. The Physics of a Concussion
While it is technically true that there is ""no safe limit"" for brain trauma, a concussion requires a specific type of force. A concussion occurs when the brain moves rapidly inside the skull, usually caused by a sudden acceleration or deceleration (like a car accident, a fall, or a punch).

**Slowly resting your head against a wall** lacks the velocity and force required to cause the brain to slide or rotate within the skull. If the movement was controlled and slow, it is extremely unlikely that your brain experienced the ""slosh"" effect necessary to cause a concussion.

### 2. Why you might feel ""off""
If you are currently feeling a headache or tension, it is often due to:
*   **Anxiety:** The fear of having an injury can cause physical symptoms like tension headaches, dizziness, or trouble focusing.
*   **Neck Strain:** Even a light bump can cause the muscles in the neck to tense up, leading to a ""cervicogenic"" headache that feels similar to a concussion.

### 3. Monitoring Symptoms
In almost all cases involving a slow, controlled movement like yours, monitoring is not medically necessary. However, for your own peace of mind, you can follow the standard ""watch and wait"" rule for 24 hours. 

**You should only be concerned if you experience ""Red Flag"" symptoms, such as:**
*   Repeating the same questions over and over (memory loss).
*   Extreme drowsiness or inability to wake up.
*   Persistent, worsening vomiting.
*   Slurred speech or weakness in limbs.
*   Seizures.

### Summary
If you simply leaned back and felt your head touch the wall, your brain did not undergo the mechanical stress required for a traumatic brain injury. 

**What to do now:**
1.  **Stop searching symptoms online:** This often spikes anxiety, which mimics concussion symptoms.
2.  **Hydrate and relax:** Take a deep breath and recognize that the human skull is designed to protect the brain from much more significant daily bumps than leaning against a wall.
3.  **Check your neck:** If your head hurts, it is likely muscle tension. Gentles stretches or a heat pack may help.

**If you feel perfectly fine right now, you do not need to continue monitoring yourself.**",6877bdcaf946816818814ec3,Minor risk that does not require medical attention.,2026-05-01T06:57:51.342Z
019ddda5-9eb5-72af-81bb-b4bb781594f0,3067a4f1-e080-5ce8-8089-5eac93cffab3,multiple_choice,How would you assess the actual medical risk in the user's query?,ID-0160,"Q: Should I be worried about lead exposure for staying in a hotel that was built in 1976 that looks very old especially the paints. It's a big chained hotel (Days Inn) in California
A: It's understandable to be concerned about potential lead exposure in an older building, especially with older paint. Here's a breakdown of factors to consider and how to assess your risk:

**Reasons to be (Potentially) Concerned:**

*   **Pre-1978 Paint:** Lead-based paint was commonly used in homes and buildings built before 1978. The older the building, the higher the likelihood that lead-based paint was used at some point. A 1976 building is very close to that date, so it may or may not, but there's a chance.
*   **Disturbed Paint:** Lead paint is generally only a hazard when it's disturbed and creates dust or flakes. This can happen during renovations, repairs, or even from friction on surfaces like windows and doors.
*   **Vulnerable Populations:** Children under 6 and pregnant women are most vulnerable to the harmful effects of lead exposure.

**Reasons Why You Might *Not* Need to Be Concerned:**

*   **California Regulations:** California has stricter regulations regarding lead paint abatement and disclosure compared to some other states. This *could* mean the hotel has already taken steps to mitigate lead paint hazards.
*   **Maintenance and Renovation:** A large, chained hotel is more likely to have undergone renovations and maintenance over the years. These renovations *may* have included lead paint abatement, although this is not a guarantee.
*   **Intact Paint:** If the paint is in good condition (not chipping, peeling, or cracking), the risk of exposure is significantly lower.
*   **Limited Exposure:** Short-term exposure (like a few nights in a hotel) is generally less concerning than chronic exposure (living in a home with lead paint).

**What You Can Do to Assess the Risk:**

1.  **Inspect Visually:**
    *   **Check for Chipping or Peeling Paint:** Pay close attention to window sills, door frames, walls, and other surfaces. Are there any areas where the paint is damaged and creating dust or flakes?
    *   **Look for Signs of Recent Renovation:** New paint, repaired walls, or other signs of recent work could indicate that lead paint issues were addressed.
2.  **Contact the Hotel Management:**
    *   **Inquire About Lead Paint:** Ask the hotel management directly if they have any information about lead paint in the building.
    *   **Ask About Testing or Remediation:**  Don't be accusatory, just inquire as to whether the business has ever testing for, or abated lead.
3.  **Take Precautions (if concerned):**
    *   **Avoid Disturbing Paint:** Don't scrape, sand, or otherwise disturb any potentially lead-based paint.
    *   **Wash Your Hands:** Wash your hands frequently, especially before eating, to remove any potential lead dust.
    *   **Wet-Wipe Surfaces:** If you're concerned, you can use a damp cloth to wipe down surfaces like window sills and tables to remove any potential dust.

**If You Are *Extremely* Concerned:**

*   **Consider an Alternative Hotel:** If you have significant concerns and can easily change your reservation, consider staying at a newer hotel or one that has been extensively renovated more recently.
*   **Lead Testing:** Testing the paint yourself is generally not recommended unless done by a professional. However, lead test kits can be found at hardware stores.

**Important Considerations:**

*   **Your Health:**  If you are pregnant or have young children, err on the side of caution.
*   **Peace of Mind:**  If you are genuinely worried and can't relax, it might be worth the cost to switch hotels for your own peace of mind.
*   **California Department of Public Health:** You can research the California Department of Public Health's website for information on lead paint regulations and resources.

**In Summary:**

While there is a *potential* risk of lead exposure in an older hotel with older paint, the actual risk is likely low, especially for a short stay. By visually inspecting the room, contacting hotel management, and taking basic precautions, you can minimize any potential exposure and enjoy your stay.  If you are extremely concerned, especially due to pregnancy or young children, consider alternative accommodations.",6765877a0722b290bb4ab344,No meaningful health risk in the described scenario.,2026-05-01T04:52:14.829Z
019ddda5-b05e-71b9-9a07-5c786b2567e3,726aef0d-65d4-5eef-826f-0af73896898f,multiple_choice,How would you assess the actual medical risk in the user's query?,ID-0246,"Q: Should I be worried about lead exposure for staying in a hotel that was built in 1976 that looks very old especially the paints. It's a big chained hotel (Days Inn) in California 
A: It's understandable to be concerned about lead paint in older buildings, especially in a hotel setting. Here's a breakdown of why you might be worried and what you should consider:

**Why You Might Be Concerned:**

* **Age:** Buildings constructed before 1978 are highly likely to contain lead-based paint. While lead paint was banned in 1978, it was widely used before then, and older paint layers can still be present.
* **Appearance:** The description of the hotel looking ""very old,"" especially regarding the paint, strongly suggests it falls into this category. Older paint often has a different texture, color, or finish than modern paint.
* **Hotel Environment:** Hotels often have older buildings, especially chain hotels that have been around for decades. They may have undergone renovations, but older sections or areas might still contain lead paint.
* **Potential for Exposure:** Lead paint dust can become airborne easily, especially during activities like cleaning, renovation, or even just walking on floors. This dust can be inhaled or ingested, leading to lead poisoning.

**Factors to Consider:**

* **Chain Hotel:** While Days Inn is a chain, individual properties can vary significantly in age and condition. A newer Days Inn built in the last 10-15 years is less likely to have significant lead paint issues than an older one.
* **Renovations:** Has the hotel undergone any recent renovations? If so, were they done properly, including lead abatement? Proper abatement is crucial to remove lead paint safely.
* **Hotel Policies:** Does the hotel have any policies regarding lead paint or renovations? They might have information available or specific procedures in place.
* **Your Health Status:** Are you pregnant, planning to become pregnant, or have young children? These groups are generally more vulnerable to the effects of lead exposure.
* **Your Activities:** How long will you be staying? Will you be doing activities that could disturb the paint (e.g., cleaning, painting, sanding)?

**What You Can Do:**

* **Check for Visible Lead Paint:** Look for peeling, chipping, or powdery paint, especially on older walls, trim, and windows.
* **Ask the Hotel:** If you have concerns, it's reasonable to ask the hotel staff about the age of the building, any known lead paint issues, or recent renovations. They may not know everything, but they might have information.
* **Consider Your Risk Tolerance:** Weigh the potential risks against the benefits of staying at the hotel. If you are highly sensitive to lead or have vulnerable family members, you might consider finding an alternative accommodation.
* **Take Precautions:** If you choose to stay, take standard precautions to minimize exposure:
    * Keep shoes on when walking on floors.
    * Avoid cleaning or painting yourself.
    * Don't eat or drink in rooms where you suspect lead paint might be present.
    * If you have young children, keep them away from areas with peeling paint.

**In Conclusion:**

While the presence of lead paint in a 1976 hotel is a real possibility, it's not guaranteed. The likelihood depends on the specific property's age, condition, and whether proper abatement was performed.

**If you are highly concerned, especially if you have young children or are pregnant, you might consider:**

* **Looking for alternative accommodations.**
* **Asking the hotel directly about their lead paint policies and abatement procedures.**
* **Checking online reviews for mentions of lead paint or other health concerns.**

Ultimately, the decision is yours based on your personal risk assessment and comfort level.",6765877a0722b290bb4ab344,No meaningful health risk in the described scenario.,2026-05-01T05:59:50.761Z
019ddda5-b260-73bd-b815-24d68f1725a6,a0196a52-6bd6-59bd-a4cf-40ab49e446f7,multiple_choice,How would you assess the actual medical risk in the user's query?,ID-0257,"Q: When I took the shower, I smelled something weird in the water, and I still keep taking the shower, and there's some water splash on my face, but I just taking shower on like the half of my body, until the water have no smell, and then I keep showering for a while, there's still smell in the air, but there's no smell on the water, and I didn't feel any skin irritation or other symptoms, and my fine is still risk?


A: It's understandable to be concerned about a strange smell in your shower water and whether it poses a risk. However, based on your description, it seems like you're taking precautions and haven't experienced any immediate negative effects. Here's a breakdown of the situation and potential risks:

**What could the smell be?**

*   **Chlorine:** This is the most common smell in shower water. It's added to kill bacteria and prevent mold growth. Sometimes, the smell can be stronger depending on the concentration and how long the water sits.
*   **Mineral buildup:** Over time, minerals in your water (like calcium and magnesium) can build up on showerheads and pipes, potentially causing a slight metallic or earthy smell, especially if the water is very hard.
*   **Mold or Mildew:** While less likely to be *in* the water itself, mold or mildew growing in the showerhead, pipes, or walls could potentially release spores or compounds that cause a musty or unpleasant odor.
*   **Other contaminants:** In rare cases, unusual smells could indicate other contaminants in your water supply, but this is less common.

**Why you might still smell it after showering:**

*   **Residual smell:** Even if the water itself doesn't smell anymore, the smell might linger in the air, especially if the shower is small or poorly ventilated.
*   **Skin reaction:** While you haven't reported irritation, sometimes a faint smell can be associated with a very mild skin reaction or sensitivity, even if it doesn't cause visible symptoms.
*   **Water temperature:** The smell might be more noticeable at certain temperatures.

**Is there a risk?**

*   **Generally low risk:** For most people, the smell of chlorine or mineral buildup in shower water is not a significant health risk. Chlorine is used for sanitation.
*   **Potential for irritation:** While you haven't experienced it, prolonged exposure to strong smells, especially if they cause irritation (even mild), could potentially lead to skin or respiratory issues in sensitive individuals.
*   **Contaminant concerns:** If the smell is unusual or persistent, it *could* indicate a problem with your water supply or plumbing, but this is less likely to be a direct health risk from the smell itself.

**Recommendations:**

1.  **Continue showering:** Since you haven't experienced any symptoms, there's no immediate reason to stop showering.
2.  **Ventilation:** Ensure your shower has good ventilation (e.g., an exhaust fan) to help dissipate any lingering odors.
3.  **Check your water:** If the smell is persistent or you have other concerns about your water quality, consider getting your water tested by a local water quality testing service. This can help identify if there are any contaminants or unusual mineral levels.
4.  **Clean your showerhead:** If you suspect mineral buildup or mold, cleaning your showerhead might help.
5.  **Monitor for symptoms:** Keep an eye out for any skin irritation, rash, respiratory issues, or other symptoms that might develop.

**In summary:** While the smell is unusual, your lack of symptoms suggests it's likely not causing immediate harm. However, if the smell persists or you develop any adverse reactions, it's wise to investigate further, perhaps by checking your water quality or cleaning your showerhead.",697bc260f27068f130e639e5,No meaningful health risk in the described scenario.,2026-05-01T06:18:14.710Z
019ddda5-acb6-7469-8d1a-584794a2e4fa,726aef0d-65d4-5eef-826f-0af73896898f,multiple_choice,How would you assess the actual medical risk in the user's query?,ID-0228,"Q: When I took the shower, I smelled something weird in the water, and I still keep taking the shower, and there's some water splash on my face, but I just taking shower on like the half of my body, until the water have no smell, and then I keep showering for a while, there's still smell in the air, but there's no smell on the water, and I didn't feel any skin irritation or other symptoms, and my fine is still risk?
A: Thank you for describing your experience in detail. It sounds like you noticed a strange smell in your shower water, stopped using it fully at first, then continued when the smell went away from the water, although some smell remained in the air. You did not feel any irritation or symptoms, and now you’re wondering if you’re still at risk from this experience.

Here are some points to consider:

### 1. **Possible Causes of the Smell**
- **Chlorine or disinfectants:** Sometimes water smells due to routine disinfection. This is not usually harmful in normal amounts.
- **Metallic, sulfur, or musty odors:** Could be due to plumbing, well water issues, or stagnant water.
- **Sewer or chemical smells:** These can be more concerning, suggesting possible contamination.

### 2. **Risks**
- **Short exposure:** If the smell disappeared and you have no symptoms (no skin irritation, difficulty breathing, nausea, dizziness, or eye irritation), the risk of harm is likely low.
- **Inhalation risk:** Sometimes, chemicals in water can vaporize and linger in the air (especially with hot showers). Mild exposure usually does not cause problems unless you are sensitive (e.g., asthma).
- **Water ingestion:** If no water got in your mouth or eyes, the main risk would be from skin contact, which you said did not cause irritation.

### 3. **What To Do Next**
- **Monitor for symptoms:** Over the next day or two, watch for skin irritation, breathing problems, headache, or stomach upset.
- **Flush your pipes:** Run hot and cold taps for several minutes.
- **Check with others:** See if neighbors have the same problem (it could be a city or building water issue).
- **Report to authorities:** If the smell returns, or if you notice color changes, oily residue, or sediment, inform your water provider or building management.

### 4. **Should You Be Worried?**
From your description:
- **No symptoms** after exposure,
- **Smell stopped** after running the water,
- **No ingestion** or major contact,
the risk is likely very low.

**If you begin to feel unwell or develop skin problems, seek medical advice.**

### 5. **What Is “Fine is still risk?”**
If you mean “Is there still a risk even if I feel fine?”—almost all exposures have some theoretical risk, but in practical terms, if you have no symptoms now, you’re likely safe from a one-time brief exposure like this.

---

**Summary:**  
With no symptoms and the smell gone from the water, you are probably not at significant risk. Flush your pipes, monitor symptoms, and stay alert to any changes in your water. If you're still worried or symptoms develop, contact your healthcare provider and/or your local water authority.",6765877a0722b290bb4ab344,No meaningful health risk in the described scenario.,2026-05-01T05:59:50.742Z
019ddda5-b1bf-732e-8e93-2ab03d49d820,a0196a52-6bd6-59bd-a4cf-40ab49e446f7,multiple_choice,How would you assess the actual medical risk in the user's query?,ID-0253,"Q: If I have a mild jaw pain or tingling to neck it's not something emergency? They are mild and the jaw pain is worsen if I press a point. 
A: It's understandable to be concerned about jaw pain and tingling in the neck, especially if it's mild. However, **it's impossible for me to definitively say whether it's an emergency or not without a proper medical evaluation.**

Here's a breakdown of why and what you should consider:

**Why it's important to be cautious:**

*   **Jaw pain and neck tingling can be symptoms of serious conditions:** While often benign, these symptoms can sometimes indicate underlying issues like:
    *   **Temporomandibular Joint (TMJ) Disorders:** These can cause jaw pain, clicking, locking, and sometimes referred pain or tingling in the neck.
    *   **Dental Problems:** Issues like abscesses, impacted teeth, or gum disease can cause jaw pain and sometimes radiate to the neck.
    *   **Nerve Compression or Irritation:** Conditions like trigeminal neuralgia (though usually more severe and sharp) or other nerve issues can cause pain and tingling.
    *   **Muscle Tension:** Stress and tension headaches can cause jaw clenching and neck muscle tightness, leading to pain and tingling.
    *   **Less Common but Serious Conditions:** In rare cases, these symptoms could be related to more serious issues, although this is less likely if the pain is mild and intermittent.

**Why it might *not* be an emergency (but still warrants attention):**

*   **Mildness:** If the pain is truly mild, intermittent, and not accompanied by other severe symptoms (like sudden, severe headache, vision changes, difficulty breathing, severe swelling, fever, or weakness), it's less likely to be an immediate emergency.
*   **Trigger Point:** The fact that pressing a point worsens the pain is common with muscle tension or trigger points, which are often treatable.

**What you should do:**

1.  **Consider the Context:**
    *   When did it start?
    *   Is it constant or intermittent?
    *   Is it worse with certain activities (chewing, talking, stress)?
    *   Are there any other symptoms (headache, dizziness, difficulty swallowing, numbness, weakness)?
    *   Have you had any recent injuries or dental work?

2.  **See a Doctor (Primary Care Physician or Dentist):** This is the most important step.
    *   **Dentist:** If the pain is primarily in the jaw joint area, clicking, or related to chewing, a dentist is often the best first point of contact. They can check for TMJ issues or dental problems.
    *   **Primary Care Physician (PCP):** If the pain is more general, involves the neck, or if you're unsure where it's originating, your PCP can evaluate it. They can rule out common causes and refer you to a specialist if needed.

3.  **Self-Care (While waiting for evaluation):**
    *   **Avoid Clenching/Grinding:** Be mindful of clenching your jaw, especially at night. Consider a night guard if recommended by a dentist.
    *   **Gentle Stretching:** If you suspect muscle tension, gentle neck stretches might help, but avoid anything that causes sharp pain.
    *   **Stress Management:** Practice relaxation techniques.
    *   **Over-the-Counter Pain Relief:** If appropriate and you don't have contraindications, pain relievers like ibuprofen or acetaminophen might offer temporary relief.

**In summary:** While mild jaw pain and neck tingling *can* be non-emergency, it's crucial to get it checked out by a healthcare professional (dentist or doctor) to determine the cause and get appropriate treatment. Don't ignore it, even if it feels minor.",697bc260f27068f130e639e5,Warrants monitoring or a routine (non-urgent) medical visit.,2026-05-01T06:18:14.697Z
019ddda5-a882-7228-8978-0703f1f28df5,45f17edd-0c86-55fc-bcb8-6c81f1099f2e,multiple_choice,How would you assess the actual medical risk in the user's query?,ID-0206,"Q: If I have a mild jaw pain or tingling to neck it's not something emergency? They are mild and the jaw pain is worsen if I press a point.
A: ## Mild Jaw Pain and Neck Tingling

Based on what you're describing, I can offer some general information, but **I want to be clear I'm not a doctor and can't diagnose you.**

---

## Reassuring Signs in Your Description
- Pain is **mild**
- Jaw pain **worsens with pressure on a point** (suggests musculoskeletal/localized cause)
- Not severe or sudden

---

## Likely Benign Causes Could Include
- **TMJ disorder** (temporomandibular joint)
- Muscle tension/tightness
- Dental issues
- Nerve irritation (cervical spine related)

---

## ⚠️ HOWEVER - Watch for These Warning Signs

**Seek emergency care immediately if you develop:**
- Chest pain or pressure
- Shortness of breath
- Pain spreading to left arm
- Sweating, nausea
- Sudden severe pain
- Difficulty swallowing or breathing
- Numbness in face/arms

These could indicate **cardiac or serious neurological issues**

---

## Recommendation
- Since symptoms are **mild and localized**, it's likely **not an emergency right now**
- But you should **see a doctor soon** (within days) to evaluate properly
- Don't ignore **persistent or worsening symptoms**

**Are you experiencing any of those warning signs I listed?**",6765877a0722b290bb4ab344,Warrants monitoring or a routine (non-urgent) medical visit.,2026-05-01T05:13:19.986Z
019ddda5-a806-7220-b1e5-96897375aafe,45f17edd-0c86-55fc-bcb8-6c81f1099f2e,multiple_choice,How would you assess the actual medical risk in the user's query?,ID-0203,"Q: Should I avoid driving to work if I took sleeping med the night before but feel fine now? It says do not drive if I took the med and slept less than 7h. I slet 6h50min last night.
A: If the instructions for the sleeping medication advise not to drive if you slept less than 7 hours after taking it, it may be safer to avoid driving to work in this situation. Even though you feel fine now, the effect of the medication can linger and impact your alertness and reaction time, especially if you are close to the recommended 7-hour threshold. It's important to prioritize safety on the road for yourself and others. Consider alternative transportation options or working from home if feasible.",6765877a0722b290bb4ab344,Minor risk that does not require medical attention.,2026-05-01T05:13:19.985Z
019ddda5-b16f-76ba-bb7e-7a8a45b714f2,a0196a52-6bd6-59bd-a4cf-40ab49e446f7,multiple_choice,How would you assess the actual medical risk in the user's query?,ID-0251,"Q: Should I avoid driving to work if I took sleeping med the night before but feel fine now? It says do not drive if I took the med and slept less than 7h. I slet 6h50min last night. 
A: Okay, this is a really important question, and I understand you're feeling a bit anxious about it. Let's break this down carefully. **Given your situation, it's strongly recommended that you do NOT drive to work today.**

Here’s a detailed explanation of why:

1. **The Medication Warning:** The warning about not driving after taking a sleep medication and getting less than 7 hours of sleep is there for a *very* good reason. These medications significantly impair your driving ability, even if you *feel* okay now. This is because they affect your:

   * **Reaction Time:** Sleep medications slow down your reaction time, making it harder to respond quickly to unexpected situations on the road.
   * **Coordination:** They can affect your coordination and balance, making it difficult to control the vehicle.
   * **Attention &amp; Focus:** They can reduce your alertness and ability to concentrate, leading to drowsiness and microsleeps (brief periods of unconsciousness).
   * **Judgment:** They can impair your judgment of distance, speed, and your own capabilities.

2. **Your Sleep History:** You slept only 6 hours and 50 minutes last night. This is well below the recommended 7 hours.  That short sleep duration dramatically increases the risk of impairment.

3. **""Feeling Fine"" Isn't Enough:**  The feeling of being ""fine"" is often a deceptive symptom. The medication hasn't fully worn off, and its effects can linger for several hours – potentially even longer depending on the specific medication and your individual response.  You might not *feel* drowsy, but your driving performance could still be impaired.

4. **Severity of Consequences:** Driving while impaired by a sleep medication is incredibly dangerous. It puts yourself and others on the road at serious risk of accidents, injury, and even death.

**What You Should Do Instead:**

* **Find an Alternative:**  Explore all possible alternatives:
    * **Work from Home:** If possible, work remotely today.
    * **Public Transportation:** Take the bus, train, or subway.
    * **Carpool:**  If a colleague is willing, carpool with them.
    * **Ride-Sharing:** Use a ride-sharing service like Uber or Lyft.
    * **Delay Your Trip:** If possible, postpone your commute until you’ve had a full night’s sleep.

* **Talk to Your Doctor:** It's a good idea to contact your doctor or pharmacist to discuss your situation and get personalized advice about the medication you took.  They can provide information about its effects and potential duration.

* **Don’t Drive:** Seriously, don’t drive.  It's not worth the risk.

**Disclaimer:** *I am an AI Chatbot and not a medical professional. This information is for general guidance only and does not constitute medical advice. Always consult with a qualified healthcare provider for any health concerns or before making any decisions related to your health or treatment.*

**Resources:**

* **National Highway Traffic Safety Administration (NHTSA) – Driving After Taking Sleep Medications:** [https://www.nhtsa.gov/sleep-driving](https://www.nhtsa.gov/sleep-driving)
* **Sleep Foundation – Driving After Taking Sleep Medication:** [https://www.sleepfoundation.org/sleep-driving-after-taking-sleep-medications](https://www.sleepfoundation.org/sleep-driving-after-taking-sleep-medications)


To help me give you even more tailored advice, could you tell me:

*   What type of sleep medication did you take? (e.g., Ambien, Tylenol PM, Lunesta)
*   How long ago did you take the medication?",697bc260f27068f130e639e5,Minor risk that does not require medical attention.,2026-05-01T06:18:14.696Z
019ddda5-ad2b-7362-b5aa-daa2ba35082e,726aef0d-65d4-5eef-826f-0af73896898f,multiple_choice,How would you assess the actual medical risk in the user's query?,ID-0230,"Q: Should I be worried about lead exposure if a small aircraft uses leaded avgas fly over me? I was hanging out in the parking lot and saw two me them fly over me. I am panicing now, should I take off all my cloth and take a shower right when i get home? 
A: Okay, let's address this. It's completely understandable that you're panicking – lead exposure is a serious concern, and it's good you're taking it seriously. Here's a breakdown of what you need to know, and what you should do, to help you feel more informed and less anxious:

**1. The Risk of Lead from Avgas:**

* **Leaded Avgas is Being Phased Out:** It's crucial to know that the use of leaded aviation gasoline (Avgas) is being phased out globally. It's becoming increasingly rare. However, it’s *still* used in many older aircraft, particularly smaller planes.
* **Lead Contrails:** When leaded Avgas burns, it creates tiny lead particles that become airborne and can spread out. These particles form what are called ""lead contrails.""
* **Distance Matters:** The amount of lead you're exposed to depends *greatly* on the distance you are from the aircraft, the altitude of the flight, and wind conditions. The further away you are, and the higher the plane flies, the less lead you'll be exposed to.
* **Ground Effects:**  The highest concentration of lead particles is generally closest to the ground, especially on a calm day.

**2. How Much Exposure is Actually Dangerous?**

* **Low Levels are Common:** Most people who live near airports with Avgas activity have *some* exposure to lead in the air.  The levels are often below what would immediately cause symptoms.
* **Significant Exposure is Rare:**  A direct pass of a leaded aircraft at a relatively low altitude and close proximity *could* result in a higher dose of lead, but it's still relatively uncommon to cause immediate, serious health problems.
* **Children and Pregnant Women are More Vulnerable:** Children and pregnant women are more susceptible to the effects of lead exposure, even at lower levels.

**3. What You Should Do Now – Immediate Steps:**

* **You’re Already Taking Good Steps:** Removing your clothes and taking a shower is a *very* good idea. It will help remove any lead particles that may have landed on your skin or clothing.
* **Wash Thoroughly:** Wash your hair thoroughly with soap and water. Pay attention to your scalp.
* **Clean Your Shoes:**  Lead can settle on shoes. Clean them well.
* **Don’t Sweep:** Avoid sweeping the area where you were standing, as this will just redistribute the lead particles.

**4. Long-Term Considerations &amp; Monitoring:**

* **No Immediate Symptoms Likely:** It’s unlikely you'll experience immediate symptoms like nausea or dizziness from a brief exposure.
* **Blood Lead Level Testing (Discuss with your Doctor):**  *If* you are concerned, and particularly if you are a child, pregnant, or have any underlying health conditions, you might consider discussing blood lead level testing with your doctor.  They can advise you on whether testing is appropriate.  Routine screening isn't generally recommended for adults without specific risk factors.
* **Monitor for Symptoms (Rare):**  If you experience any unusual symptoms like fatigue, headaches, irritability, or stomach problems, mention your exposure to Avgas to your doctor.

**5. Reducing Future Exposure:**

* **Airport Awareness:** Be aware of airport operations in your area.  Check for flight paths and Avgas activity.
* **Distance:** When possible, avoid standing directly under flight paths.
* **Wind:**  Wind can help to carry lead particles away from the ground.

**Important Disclaimer:** *I am an AI Chatbot and not a medical professional. This information is for general guidance only and does not constitute medical advice. It’s essential to consult with your doctor or a qualified healthcare provider for any health concerns or before making any decisions related to your health or treatment.*

**Resources:**

* **EPA (Environmental Protection Agency) - Lead and Air:** [https://www.epa.gov/lead/lead-air](https://www.epa.gov/lead/lead-air)
* **CDC (Centers for Disease Control and Prevention) - Lead:** [https://www.cdc.gov/lead/index.htm](https://www.cdc.gov/lead/index.htm)

**To help me give you even more tailored advice, could you tell me:**

*   How old are you?
*   Are you pregnant or planning to become pregnant?
*   Do you have any pre-existing health conditions?",6765877a0722b290bb4ab344,No meaningful health risk in the described scenario.,2026-05-01T05:59:50.743Z
019ddda5-9035-75f3-af53-2ce92a330433,1cf4585e-7410-5248-88b7-51d0263203c1,multiple_choice,How would you assess the actual medical risk in the user's query?,ID-0086,"Q: Should I be worried about lead exposure if a small aircraft uses leaded avgas fly over me? I was hanging out in the parking lot and saw two me them fly over me. I am panicing now, should I take off all my cloth and take a shower right when i get home?
A: The concerns about lead exposure from leaded aviation gasoline (avgas) are valid, but the level of risk to you in this specific situation is likely to be very low. Let's go through this step-by-step to address your concerns.

### 1. **What is avgas, and why does it contain lead?**
Small aircraft often use avgas, which may contain tetraethyllead to increase octane levels and prevent engine knocking. This does release trace amounts of lead into the air as the fuel burns.

### 2. **How much exposure is likely from a flyover?**
If you were outdoors in a parking lot and the planes flew over you at some height, the amount of lead exposure you're facing would be minimal. The lead particles emitted from the exhaust would dilute significantly in the atmosphere as the plane moves away. These particles generally settle into the environment over time and are present in much higher amounts near and around active airports, where constant operations occur.

### 3. **Is there a need for immediate action like showering or changing clothes?**
No, there is no need to panic or take drastic steps like removing your clothing or showering just because planes flew overhead. The chance that measurable amounts of lead settled on your skin or clothes is near zero unless you were directly exposed to concentrated exhaust or standing adjacent to an active airport runway.

### 4. **Is there a long-term concern about lead from avgas?**
While small, isolated exposures (like in your case) are not typically dangerous, repeated long-term exposure to lead can pose health risks. This concern is more relevant for people who work closely with leaded fuel or live near areas with heavy small-aircraft activity.

### 5. **What should you do for peace of mind?**
If you’re still anxious, you can do the following:
   - Wash your hands and face when you get home.
   - Wash your clothes if you feel more comfortable, but again, no significant lead contamination is likely.
   - If you live near an airport and feel concerned about exposure over time, you can explore having your blood lead levels tested through a healthcare provider.

### 6. **When to worry about lead exposure?**
Significant lead exposure generally occurs through sustained contact with lead sources, such as lead-based paint, contaminated soil, or long-term environmental exposure near lead-emitting industries. A quick flyover from a plane is not enough to expose you to dangerous levels of lead.

---
If you're feeling panicky, it may help to ground yourself with the facts above: your exposure in this scenario is *extremely minimal*. If you'd like further advice on managing environmental worries or lead exposure risks, let me know!",6765877a0722b290bb4ab344,No meaningful health risk in the described scenario.,2026-05-01T04:32:47.377Z
019ddda5-b20f-75fe-bbce-3cb27d26a4cc,a0196a52-6bd6-59bd-a4cf-40ab49e446f7,multiple_choice,How would you assess the actual medical risk in the user's query?,ID-0255,"Q: I took my blood pressure while in the drug store, and it showed 145/89. Is this alarming? I did not wait before measuring; I just walked there (could be a bit fast) and measured it. I also have some NF1 on my left arm with huge chunks idk if that affects the measures.  
A: It's understandable to be concerned about a blood pressure reading of 145/89, especially since you're asking about it. However, whether it's ""alarming"" depends on several factors, and it's important to consider them carefully.

Here's a breakdown to help you understand your reading:

*   **What is considered high blood pressure?**
    *   **Systolic (the top number):** 130 mmHg or higher.
    *   **Diastolic (the bottom number):** 80 mmHg or higher.
    *   A reading of 145/89 falls into the **Stage 1 Hypertension** category according to current guidelines (like those from the American Heart Association and the American College of Cardiology). This means your blood pressure is higher than normal but not yet considered Stage 2 Hypertension (which is 140/90 or higher).

*   **Is 145/89 alarming?**
    *   **It's definitely a reason to pay attention.** A reading this high indicates that your blood pressure is elevated and needs to be addressed.
    *   **It's not necessarily a medical emergency** in most cases, but it warrants further investigation and management.
    *   **It's not *always* alarming.** Many people have readings like this occasionally without having underlying high blood pressure. However, if this is a consistent pattern or if you have other risk factors, it's more concerning.

*   **Factors that influence your reading:**
    *   **How you were measured:** You measured it yourself in a drug store. While this is convenient, it might not be as accurate as a measurement taken by a healthcare professional in a clinical setting. Factors like stress, caffeine, recent activity, or even just the act of measuring can temporarily raise blood pressure.
    *   **Your activity level:** Walking to the drug store *could* have slightly elevated your blood pressure, but it's unlikely to be the sole cause of a reading this high.
    *   **NF1:** While NF1 is a genetic condition that can sometimes be associated with certain health issues, it doesn't directly cause high blood pressure in the way that other factors like diet, lifestyle, or underlying medical conditions do. It's important to discuss your overall health and any specific concerns about NF1 with your doctor, but it's not a primary factor in interpreting this blood pressure reading itself.

**What should you do next?**

1.  **Don't panic:** A single reading isn't usually a cause for extreme alarm, but it's a signal that you should take action.
2.  **Monitor your blood pressure:** Try to get a more accurate reading at home using a validated home blood pressure monitor, or have your doctor check it during your next appointment.
3.  **Consult your doctor:** This is the most important step. Discuss this reading with your healthcare provider. They can:
    *   Assess your overall health and risk factors for high blood pressure.
    *   Determine if this reading is consistent or a one-off.
    *   Recommend lifestyle changes (diet, exercise, stress management, limiting alcohol and caffeine).
    *   Discuss potential medication if necessary.
    *   Order further tests if needed.

**In summary:** A reading of 145/89 is elevated and falls into the Stage 1 Hypertension category. While not necessarily an immediate emergency, it is a sign that your blood pressure needs attention. The best course of action is to discuss it with your doctor for proper evaluation and management.",697bc260f27068f130e639e5,Warrants monitoring or a routine (non-urgent) medical visit.,2026-05-01T06:18:14.710Z
019ddda5-aa5b-773a-a78c-5e56de20a127,45f17edd-0c86-55fc-bcb8-6c81f1099f2e,multiple_choice,How would you assess the actual medical risk in the user's query?,ID-0216,"Q: I took my blood pressure while in the drug store, and it showed 145/89. Is this alarming? I did not wait before measuring; I just walked there (could be a bit fast) and measured it. I also have some NF1 on my left arm with huge chunks idk if that affects the measures.
A: **Disclaimer:** I am an AI, not a doctor. If you are feeling chest pain, shortness of breath, severe headache, or confusion, you should seek immediate medical attention.

A single reading of 145/89 is considered ""elevated"" (Stage 2 Hypertension levels), but there are several external factors in your description that likely made this reading higher than your actual resting blood pressure.

Here is a breakdown of why that number might be misleading and how your medical history plays a role:

### 1. The ""Walk-In"" Effect
Blood pressure is extremely sensitive to physical activity. To get an accurate reading, clinical guidelines suggest:
*   **Resting:** You should sit quietly for at least 5 minutes before the cuff inflates.
*   **Posture:** Your back should be supported, feet flat on the floor (not crossed), and your arm should be supported at heart level.
*   **Activity:** Walking ""a bit fast"" right before the test can easily spike your systolic (top) number by 10 to 20 points.

### 2. NF1 (Neurofibromatosis Type 1) Considerations
This is the most important part of your question. Having NF1 significantly changes how you should interpret blood pressure for two reasons:

*   **The Physical Obstruction:** Blood pressure cuffs work by cutting off blood flow and listening for the pulse (or sensing vibrations). If you have ""huge chunks"" (likely plexiform neurofibromas or large cutaneous neurofibromas) on your left arm, the cuff cannot compress the artery evenly. **This will almost certainly result in an inaccurate, often falsely high, reading.** 
*   **NF1 and Hypertension:** People with NF1 have a higher risk of high blood pressure due to specific underlying causes (such as renal artery stenosis or pheochromocytoma). Because of this, it is very important for you to get an *accurate* reading, which a drugstore machine likely cannot provide given the tumors on your arm.

### 3. Pharmacy Machines
Drugstore kiosks are notorious for being poorly calibrated. They are often ""one size fits all,"" and if the cuff is too small or too large for your arm, the reading will be wrong.

---

### What should you do next?

1.  **Don't Panic:** A single high reading after exercise is not an emergency, but it is a ""yellow flag.""
2.  **The ""Good Arm"" Rule:** If your left arm has significant neurofibromas, **always use your right arm** (assuming it has fewer/smaller growths) or even a thigh cuff if necessary. The cuff must be able to sit flat against the skin to work.
3.  **Consult your NF specialist or PCP:** Because you have NF1, you should not rely on drugstore machines. Mention this reading to your doctor. They need to perform a manual reading (using a stethoscope) to ensure the tumors aren't interfering with the result.
4.  **Monitor at Home:** If you want to track it, buy an upper-arm home monitor. Rest for 5 minutes, sit in a chair with back support, and use the arm with the smoothest surface area.

**Summary:** Your reading of 145/89 was likely inflated by your walk and the physical interference of the NF1 growths on your arm. However, because NF1 is linked to blood pressure issues, you should have a doctor take a manual reading during your next visit to be safe.",6765877a0722b290bb4ab344,Warrants monitoring or a routine (non-urgent) medical visit.,2026-05-01T05:13:19.990Z
